{
  "TcpKeepAliveIdleTimeSeconds" : 0,
  "HttpSplitFragmentSize" : 1500,
  "UserscriptsEnabled" : true,
  "SelectedProxyId" : 1,
  "VpnRevocationRecoveryRescheduleDelay" : 3000,
  "SelfDestructingFirstPartyCookie" : false,
  "OutboundProxyAllowToFilterDnsRequests" : false,
  "BlockPushApi" : true,
  "RemovedHtmlLogEnabled" : true,
  "BlockWebRtc" : true,
  "ReconfigureAutoProxyOnNetworkChange" : false,
  "ExcludedIPv6Routes" : "// Service subnets (including link-local, lan, multicast)\nf000::/4",
  "ExcludedPackagesAndUids" : "1001\n1000\ncom.adguard.vpn\ncom.samsung.android.spay\ncom.samsung.android.samsungpay.gear\nbbv.avdev.bbvpn\ncom.shuttlevpn.free.proxy.gaming",
  "CustomReferer" : "",
  "ThirdPartyCookieValue" : 30,
  "DisableThirdPartyRequestsAuthorization" : false,
  "StealthModeEnabled" : true,
  "HideUserAgent" : false,
  "RoutingMode" : "LocalVpn",
  "LanguageSpecificAdBlockingEnabled" : true,
  "ProtectFromDpi" : true,
  "HttpSpaceJuggling" : false,
  "Userscripts" : [ {
    "meta" : {
      "name" : "Disable AMP",
      "enabled" : true,
      "url" : "https://userscripts.adtidy.org/release/disable-amp/1.0/disable-amp.user.js",
      "lastTimeDownloaded" : 1712334326490
    },
    "pathToJsonMeta" : "/userscripts/Disable AMP.meta",
    "pathToSource" : "/userscripts/Disable AMP.source"
  }, {
    "meta" : {
      "name" : "NamuLink",
      "enabled" : true,
      "url" : "https://cdn.jsdelivr.net/gh/List-KR/NamuLink@latest/NamuLink.user.js",
      "lastTimeDownloaded" : 1716343865775
    },
    "pathToJsonMeta" : "/userscripts/NamuLink.meta",
    "pathToSource" : "/userscripts/NamuLink.source"
  }, {
    "meta" : {
      "name" : "microShield",
      "enabled" : true,
      "url" : "https://cdn.jsdelivr.net/gh/List-KR/microShield@latest/microShield.user.js",
      "lastTimeDownloaded" : 1716343865821
    },
    "pathToJsonMeta" : "/userscripts/microShield.meta",
    "pathToSource" : "/userscripts/microShield.source"
  }, {
    "meta" : {
      "name" : "Remove Adblock Thing",
      "enabled" : true,
      "url" : "https://github.com/TheRealJoelmatic/RemoveAdblockThing/raw/main/Youtube-Ad-blocker-Reminder-Remover.user.js",
      "lastTimeDownloaded" : 1708197249924
    },
    "pathToJsonMeta" : "/userscripts/Remove Adblock Thing.meta",
    "pathToSource" : "/userscripts/Remove Adblock Thing.source"
  } ],
  "AnnoyancesBlockingEnabled" : true,
  "QuicBypassPackages" : "",
  "FirstPartyCookieValue" : 1440,
  "HideRefererFromThirdParties" : false,
  "DisableCacheForThirdPartyRequests" : true,
  "IncreaseFirstPacketSize" : true,
  "AdBlockingEnabled" : true,
  "VpnRevocationRecoveryDelay" : 3000,
  "BlockLocation" : true,
  "RemoveXClientDataHeader" : true,
  "ScriptletsDebuggingEnabled" : false,
  "HideIpAddress" : true,
  "CustomIpAddress" : "209.141.53.254",
  "TcpKeepAliveTimeoutSeconds" : 0,
  "BrowsingSecurityEnabled" : false,
  "DetectSamsungPayEnabled" : true,
  "IPv6FilteringEnabled" : true,
  "TcpKeepAliveProbes" : false,
  "PortRanges" : [ {
    "firstPort" : 80,
    "lastPort" : 5221
  }, {
    "firstPort" : 5299,
    "lastPort" : 65535
  } ],
  "ClientHelloSplitFragmentSize" : 1500,
  "OutboundProxyPermissionsList" : [ {
    "packageNames" : [ "com.alibaba.aliexpresshd" ],
    "processThroughOutboundProxy" : false
  }, {
    "packageNames" : [ "com.pubg.newstate" ],
    "processThroughOutboundProxy" : false
  }, {
    "packageNames" : [ "com.android.nfc" ],
    "processThroughOutboundProxy" : false
  }, {
    "packageNames" : [ "com.eco.global.app" ],
    "processThroughOutboundProxy" : false
  }, {
    "packageNames" : [ "com.google.android.apps.adm" ],
    "processThroughOutboundProxy" : false
  }, {
    "packageNames" : [ "idm.internet.download.manager.plus" ],
    "processThroughOutboundProxy" : false
  }, {
    "packageNames" : [ "com.dv.adm" ],
    "processThroughOutboundProxy" : false
  }, {
    "packageNames" : [ "com.adobe.spark.post" ],
    "processThroughOutboundProxy" : false
  }, {
    "packageNames" : [ "com.hitrolab.audioeditor" ],
    "processThroughOutboundProxy" : false
  }, {
    "packageNames" : [ "com.mapamai.maps.batchgeocode" ],
    "processThroughOutboundProxy" : false
  }, {
    "packageNames" : [ "com.paget96.batteryguru" ],
    "processThroughOutboundProxy" : false
  }, {
    "packageNames" : [ "com.microsoft.bing" ],
    "processThroughOutboundProxy" : false
  }, {
    "packageNames" : [ "com.niven.translator" ],
    "processThroughOutboundProxy" : false
  }, {
    "packageNames" : [ "com.ivanGavrilov.CalcKit" ],
    "processThroughOutboundProxy" : false
  }, {
    "packageNames" : [ "com.intsig.camscanner" ],
    "processThroughOutboundProxy" : false
  }, {
    "packageNames" : [ "skynet.cputhrottlingtest" ],
    "processThroughOutboundProxy" : false
  }, {
    "packageNames" : [ "flar2.devcheck" ],
    "processThroughOutboundProxy" : false
  }, {
    "packageNames" : [ "com.jamworks.dynamicspot" ],
    "processThroughOutboundProxy" : false
  }, {
    "packageNames" : [ "com.changpeng.enhancefox" ],
    "processThroughOutboundProxy" : false
  }, {
    "packageNames" : [ "com.snowcorp.epik" ],
    "processThroughOutboundProxy" : false
  }, {
    "packageNames" : [ "com.blogspot.newapphorizons.fakegps" ],
    "processThroughOutboundProxy" : false
  }, {
    "packageNames" : [ "com.fiistudio.fiinote" ],
    "processThroughOutboundProxy" : false
  }, {
    "packageNames" : [ "ru.cheapflights.deals" ],
    "processThroughOutboundProxy" : false
  }, {
    "packageNames" : [ "com.flightradar24free" ],
    "processThroughOutboundProxy" : false
  }, {
    "packageNames" : [ "pl.planmieszkania.android" ],
    "processThroughOutboundProxy" : false
  }, {
    "packageNames" : [ "dk.tacit.android.foldersync.full" ],
    "processThroughOutboundProxy" : false
  }, {
    "packageNames" : [ "com.google.android.networkstack.tethering", "com.google.android.networkstack" ],
    "processThroughOutboundProxy" : false
  }, {
    "packageNames" : [ "com.fstop.photo" ],
    "processThroughOutboundProxy" : false
  }, {
    "packageNames" : [ "com.photolabs.instagrids" ],
    "processThroughOutboundProxy" : false
  }, {
    "packageNames" : [ "com.gsamlabs.bbm.pro" ],
    "processThroughOutboundProxy" : false
  }, {
    "packageNames" : [ "com.tafayor.hibernator" ],
    "processThroughOutboundProxy" : false
  }, {
    "packageNames" : [ "com.netvor.hiddensettings" ],
    "processThroughOutboundProxy" : false
  }, {
    "packageNames" : [ "com.fusionmedia.investing" ],
    "processThroughOutboundProxy" : false
  }, {
    "packageNames" : [ "com.draco.ladb" ],
    "processThroughOutboundProxy" : false
  }, {
    "packageNames" : [ "com.natewren.lines" ],
    "processThroughOutboundProxy" : false
  }, {
    "packageNames" : [ "com.touchtype.swiftkey" ],
    "processThroughOutboundProxy" : false
  }, {
    "packageNames" : [ "com.miui.backup" ],
    "processThroughOutboundProxy" : false
  }, {
    "packageNames" : [ "com.android.thememanager" ],
    "processThroughOutboundProxy" : false
  }, {
    "packageNames" : [ "com.mixplorer.silver" ],
    "processThroughOutboundProxy" : false
  }, {
    "packageNames" : [ "com.vincentb.MobControl" ],
    "processThroughOutboundProxy" : false
  }, {
    "packageNames" : [ "com.paget96.netspeedindicator" ],
    "processThroughOutboundProxy" : false
  }, {
    "packageNames" : [ "com.xiaomi.finddevice" ],
    "processThroughOutboundProxy" : false
  }, {
    "packageNames" : [ "com.handcent.app.nextsms" ],
    "processThroughOutboundProxy" : false
  }, {
    "packageNames" : [ "mind.map.mindmap" ],
    "processThroughOutboundProxy" : false
  }, {
    "packageNames" : [ "com.SearingMedia.Parrot" ],
    "processThroughOutboundProxy" : false
  }, {
    "packageNames" : [ "com.picsart.studio" ],
    "processThroughOutboundProxy" : false
  }, {
    "packageNames" : [ "com.circular.pixels" ],
    "processThroughOutboundProxy" : false
  }, {
    "packageNames" : [ "com.photoscan.enhancer.remini.photomyne.colorize.scanner" ],
    "processThroughOutboundProxy" : false
  }, {
    "packageNames" : [ "com.infraware.office.link" ],
    "processThroughOutboundProxy" : false
  }, {
    "packageNames" : [ "melstudio.breathing.prana.meditate" ],
    "processThroughOutboundProxy" : false
  }, {
    "packageNames" : [ "com.dynamixsoftware.printershare" ],
    "processThroughOutboundProxy" : false
  }, {
    "packageNames" : [ "qrcodegenerator.qrcreator.qrmaker.createqrcode.pro" ],
    "processThroughOutboundProxy" : false
  }, {
    "packageNames" : [ "com.teacapps.barcodescanner.pro" ],
    "processThroughOutboundProxy" : false
  }, {
    "packageNames" : [ "pro.capture.screenshot" ],
    "processThroughOutboundProxy" : false
  }, {
    "packageNames" : [ "com.estmob.android.sendanywhere" ],
    "processThroughOutboundProxy" : false
  }, {
    "packageNames" : [ "com.shuttlevpn.free.proxy.gaming" ],
    "processThroughOutboundProxy" : false
  }, {
    "packageNames" : [ "com.northcube.sleepcycle" ],
    "processThroughOutboundProxy" : false
  }, {
    "packageNames" : [ "ginlemon.flowerfree" ],
    "processThroughOutboundProxy" : false
  }, {
    "packageNames" : [ "snapedit.app.remove" ],
    "processThroughOutboundProxy" : false
  }, {
    "packageNames" : [ "com.campmobile.snow" ],
    "processThroughOutboundProxy" : false
  }, {
    "packageNames" : [ "com.snowcorp.soda.android" ],
    "processThroughOutboundProxy" : false
  }, {
    "packageNames" : [ "com.mycompany.app.soulbrows3r" ],
    "processThroughOutboundProxy" : true
  }, {
    "packageNames" : [ "org.zwanoo.android.speedtest" ],
    "processThroughOutboundProxy" : false
  }, {
    "packageNames" : [ "com.spotify.music" ],
    "processThroughOutboundProxy" : false
  }, {
    "packageNames" : [ "com.oe.photocollage" ],
    "processThroughOutboundProxy" : false
  }, {
    "packageNames" : [ "com.dubox.drive" ],
    "processThroughOutboundProxy" : false
  }, {
    "packageNames" : [ "teavideo.tvplayer.videoallformat" ],
    "processThroughOutboundProxy" : false
  }, {
    "packageNames" : [ "eu.toneiv.ubktouch" ],
    "processThroughOutboundProxy" : false
  }, {
    "packageNames" : [ "cs14.pixelperfect.iconpack.veraoutlinewhite" ],
    "processThroughOutboundProxy" : false
  }, {
    "packageNames" : [ "cs14.pixelperfect.iconpack.veraoutline" ],
    "processThroughOutboundProxy" : false
  }, {
    "packageNames" : [ "com.voyagerx.scanner" ],
    "processThroughOutboundProxy" : false
  }, {
    "packageNames" : [ "com.allsaversocial.gl" ],
    "processThroughOutboundProxy" : false
  }, {
    "packageNames" : [ "com.frontrow.vlog" ],
    "processThroughOutboundProxy" : false
  }, {
    "packageNames" : [ "leedroiddevelopments.volumepanel" ],
    "processThroughOutboundProxy" : false
  }, {
    "packageNames" : [ "com.wallpaperscraft.wallpaper" ],
    "processThroughOutboundProxy" : false
  }, {
    "packageNames" : [ "de.android.wifioverviewpro" ],
    "processThroughOutboundProxy" : false
  }, {
    "packageNames" : [ "com.windyty.android" ],
    "processThroughOutboundProxy" : false
  }, {
    "packageNames" : [ "cn.wps.moffice_eng" ],
    "processThroughOutboundProxy" : false
  }, {
    "packageNames" : [ "net.xmind.doughnut" ],
    "processThroughOutboundProxy" : false
  }, {
    "packageNames" : [ "com.kapp.youtube.final" ],
    "processThroughOutboundProxy" : false
  }, {
    "packageNames" : [ "de.android.telnet2" ],
    "processThroughOutboundProxy" : false
  }, {
    "packageNames" : [ "kr.co.thecall" ],
    "processThroughOutboundProxy" : false
  }, {
    "packageNames" : [ "com.jee.calc" ],
    "processThroughOutboundProxy" : false
  }, {
    "packageNames" : [ "com.jee.timer" ],
    "processThroughOutboundProxy" : false
  }, {
    "packageNames" : [ "com.dho.mobilefax" ],
    "processThroughOutboundProxy" : false
  }, {
    "packageNames" : [ "com.rsupport.mvagent" ],
    "processThroughOutboundProxy" : false
  }, {
    "packageNames" : [ "cheehoon.ha.particulateforecaster" ],
    "processThroughOutboundProxy" : false
  }, {
    "packageNames" : [ "kr.min.bible" ],
    "processThroughOutboundProxy" : false
  }, {
    "packageNames" : [ "de.sfr.calctape" ],
    "processThroughOutboundProxy" : false
  }, {
    "packageNames" : [ "com.pcmehanik.smarttoolbox" ],
    "processThroughOutboundProxy" : false
  }, {
    "packageNames" : [ "com.spaceship.screen.textcopy" ],
    "processThroughOutboundProxy" : false
  }, {
    "packageNames" : [ "com.ganada.silsiganmetro" ],
    "processThroughOutboundProxy" : false
  }, {
    "packageNames" : [ "com.ksxkq.autoclick" ],
    "processThroughOutboundProxy" : false
  }, {
    "packageNames" : [ "com.ptinsight.randomcardgame" ],
    "processThroughOutboundProxy" : false
  }, {
    "packageNames" : [ "org.codeaurora.snapcam" ],
    "processThroughOutboundProxy" : false
  }, {
    "packageNames" : [ "notion.id" ],
    "processThroughOutboundProxy" : false
  }, {
    "packageNames" : [ "com.kbstar.kbbank" ],
    "processThroughOutboundProxy" : false
  }, {
    "packageNames" : [ "com.qcymall.googleearphonesetup" ],
    "processThroughOutboundProxy" : false
  }, {
    "packageNames" : [ "com.hong.v3" ],
    "processThroughOutboundProxy" : false
  }, {
    "packageNames" : [ "com.pinterest" ],
    "processThroughOutboundProxy" : false
  }, {
    "packageNames" : [ "com.tuya.smartlife" ],
    "processThroughOutboundProxy" : false
  }, {
    "packageNames" : [ "net.giosis.shopping.sg" ],
    "processThroughOutboundProxy" : false
  }, {
    "packageNames" : [ "kr.or.nhic" ],
    "processThroughOutboundProxy" : false
  }, {
    "packageNames" : [ "vivino.web.app" ],
    "processThroughOutboundProxy" : false
  }, {
    "packageNames" : [ "com.nhn.android.search" ],
    "processThroughOutboundProxy" : false
  }, {
    "packageNames" : [ "com.biller.scg" ],
    "processThroughOutboundProxy" : false
  }, {
    "packageNames" : [ "kr.go.nts.android" ],
    "processThroughOutboundProxy" : false
  }, {
    "packageNames" : [ "kr.or.nps.smart" ],
    "processThroughOutboundProxy" : false
  }, {
    "packageNames" : [ "com.sampleapp" ],
    "processThroughOutboundProxy" : false
  }, {
    "packageNames" : [ "com.towneers.www" ],
    "processThroughOutboundProxy" : false
  }, {
    "packageNames" : [ "kr.co.rememberapp" ],
    "processThroughOutboundProxy" : false
  }, {
    "packageNames" : [ "com.nbdproject.macarong" ],
    "processThroughOutboundProxy" : false
  }, {
    "packageNames" : [ "kr.go.wetax.android" ],
    "processThroughOutboundProxy" : false
  }, {
    "packageNames" : [ "com.shinhan.sbanking" ],
    "processThroughOutboundProxy" : false
  }, {
    "packageNames" : [ "com.mycompany.app.soulbrowser" ],
    "processThroughOutboundProxy" : true
  }, {
    "packageNames" : [ "aptip.app" ],
    "processThroughOutboundProxy" : false
  }, {
    "packageNames" : [ "kr.go.hf.hfappandroid" ],
    "processThroughOutboundProxy" : false
  }, {
    "packageNames" : [ "io.everybike.bike" ],
    "processThroughOutboundProxy" : false
  }, {
    "packageNames" : [ "com.wooribank.smart.npib" ],
    "processThroughOutboundProxy" : false
  }, {
    "packageNames" : [ "org.techtown.carchap_v11" ],
    "processThroughOutboundProxy" : false
  }, {
    "packageNames" : [ "com.kakaobank.channel" ],
    "processThroughOutboundProxy" : false
  }, {
    "packageNames" : [ "com.kakao.taxi" ],
    "processThroughOutboundProxy" : false
  }, {
    "packageNames" : [ "kr.go.minwon.m" ],
    "processThroughOutboundProxy" : false
  }, {
    "packageNames" : [ "net.daum.android.map" ],
    "processThroughOutboundProxy" : false
  }, {
    "packageNames" : [ "com.kakao.talk" ],
    "processThroughOutboundProxy" : false
  }, {
    "packageNames" : [ "com.coupang.mobile" ],
    "processThroughOutboundProxy" : false
  }, {
    "packageNames" : [ "com.korail.talk" ],
    "processThroughOutboundProxy" : false
  }, {
    "packageNames" : [ "com.olulo.kickgoing" ],
    "processThroughOutboundProxy" : false
  }, {
    "packageNames" : [ "kr.christiandate.app" ],
    "processThroughOutboundProxy" : false
  }, {
    "packageNames" : [ "viva.republica.toss" ],
    "processThroughOutboundProxy" : false
  }, {
    "packageNames" : [ "com.skt.tmap.ku" ],
    "processThroughOutboundProxy" : false
  }, {
    "packageNames" : [ "net.daum.android.tistoryapp" ],
    "processThroughOutboundProxy" : false
  }, {
    "packageNames" : [ "com.hyundaicard.appcard" ],
    "processThroughOutboundProxy" : false
  }, {
    "packageNames" : [ "com.google.android.apps.translate" ],
    "processThroughOutboundProxy" : false
  }, {
    "packageNames" : [ "com.ahnlab.v3mobileplus" ],
    "processThroughOutboundProxy" : false
  }, {
    "packageNames" : [ "com.dubox.driv3" ],
    "processThroughOutboundProxy" : false
  }, {
    "packageNames" : [ "com.fooview.android.fooview" ],
    "processThroughOutboundProxy" : false
  }, {
    "packageNames" : [ "com.hellowo.day2life" ],
    "processThroughOutboundProxy" : false
  }, {
    "packageNames" : [ "com.sparkine.muvizedge" ],
    "processThroughOutboundProxy" : false
  }, {
    "packageNames" : [ "com.shazam.android" ],
    "processThroughOutboundProxy" : false
  }, {
    "packageNames" : [ "com.myscript.nebo" ],
    "processThroughOutboundProxy" : false
  }, {
    "packageNames" : [ "com.anydo" ],
    "processThroughOutboundProxy" : false
  }, {
    "packageNames" : [ "com.Elecont.WeatherClock" ],
    "processThroughOutboundProxy" : false
  }, {
    "packageNames" : [ "com.blockchainvault" ],
    "processThroughOutboundProxy" : false
  }, {
    "packageNames" : [ "pi.browser" ],
    "processThroughOutboundProxy" : false
  }, {
    "packageNames" : [ "so.rework.app" ],
    "processThroughOutboundProxy" : false
  }, {
    "packageNames" : [ "photoeditor.photoretouch.removeobjects.retouch" ],
    "processThroughOutboundProxy" : false
  }, {
    "packageNames" : [ "com.x.webshuttle" ],
    "processThroughOutboundProxy" : false
  }, {
    "packageNames" : [ "kr.co.seoft.wave.cheap" ],
    "processThroughOutboundProxy" : false
  }, {
    "packageNames" : [ "org.schabi.newpipe" ],
    "processThroughOutboundProxy" : false
  }, {
    "packageNames" : [ "com.zaza.beatbox" ],
    "processThroughOutboundProxy" : false
  }, {
    "packageNames" : [ "app.revanced.manager.flutter" ],
    "processThroughOutboundProxy" : false
  }, {
    "packageNames" : [ "com.fluidtouch.noteshelf2" ],
    "processThroughOutboundProxy" : false
  }, {
    "packageNames" : [ "com.modelmakertools.simplemindpro" ],
    "processThroughOutboundProxy" : false
  }, {
    "packageNames" : [ "com.cryptobees.mimind" ],
    "processThroughOutboundProxy" : false
  }, {
    "packageNames" : [ "com.cyberlink.powerdirector.DRA140225_01" ],
    "processThroughOutboundProxy" : false
  }, {
    "packageNames" : [ "com.weawow" ],
    "processThroughOutboundProxy" : false
  }, {
    "packageNames" : [ "com.carriez.flutter_hbb" ],
    "processThroughOutboundProxy" : false
  }, {
    "packageNames" : [ "app.rvx.manager.flutter" ],
    "processThroughOutboundProxy" : false
  }, {
    "packageNames" : [ "com.android.providers.downloads", "com.android.providers.downloads.ui" ],
    "processThroughOutboundProxy" : false
  }, {
    "packageNames" : [ "com.android.providers.calendar" ],
    "processThroughOutboundProxy" : false
  }, {
    "packageNames" : [ "com.lbe.security.miui" ],
    "processThroughOutboundProxy" : false
  }, {
    "packageNames" : [ "com.miui.cloudbackup" ],
    "processThroughOutboundProxy" : false
  }, {
    "packageNames" : [ "com.xiaomi.scanner" ],
    "processThroughOutboundProxy" : false
  }, {
    "packageNames" : [ "com.android.statementservice" ],
    "processThroughOutboundProxy" : false
  }, {
    "packageNames" : [ "com.android.bips" ],
    "processThroughOutboundProxy" : false
  }, {
    "packageNames" : [ "com.android.camera" ],
    "processThroughOutboundProxy" : false
  }, {
    "packageNames" : [ "com.blackshark.push" ],
    "processThroughOutboundProxy" : false
  }, {
    "packageNames" : [ "com.blackshark.gamelauncher" ],
    "processThroughOutboundProxy" : false
  }, {
    "packageNames" : [ "com.miui.mishare.connectivity" ],
    "processThroughOutboundProxy" : false
  }, {
    "packageNames" : [ "com.piggylab.holdon" ],
    "processThroughOutboundProxy" : false
  }, {
    "packageNames" : [ "com.xiaomi.glgm" ],
    "processThroughOutboundProxy" : false
  }, {
    "packageNames" : [ "com.android.managedprovisioning" ],
    "processThroughOutboundProxy" : false
  }, {
    "packageNames" : [ "com.miui.gallery" ],
    "processThroughOutboundProxy" : false
  }, {
    "packageNames" : [ "com.android.proxyhandler" ],
    "processThroughOutboundProxy" : false
  }, {
    "packageNames" : [ "com.miui.home" ],
    "processThroughOutboundProxy" : false
  }, {
    "packageNames" : [ "com.blackshark.bsperipheral" ],
    "processThroughOutboundProxy" : false
  }, {
    "packageNames" : [ "com.miui.analytics" ],
    "processThroughOutboundProxy" : false
  }, {
    "packageNames" : [ "com.android.certinstaller" ],
    "processThroughOutboundProxy" : false
  }, {
    "packageNames" : [ "com.android.pacprocessor" ],
    "processThroughOutboundProxy" : false
  }, {
    "packageNames" : [ "com.fido.xiaomi.uafclient" ],
    "processThroughOutboundProxy" : false
  }, {
    "packageNames" : [ "com.miui.micloudsync", "com.miui.cloudservice" ],
    "processThroughOutboundProxy" : false
  }, {
    "packageNames" : [ "com.android.deskclock" ],
    "processThroughOutboundProxy" : false
  }, {
    "packageNames" : [ "com.google.android.captiveportallogin" ],
    "processThroughOutboundProxy" : false
  }, {
    "packageNames" : [ "com.miui.phrase" ],
    "processThroughOutboundProxy" : false
  }, {
    "packageNames" : [ "com.miui.guardprovider" ],
    "processThroughOutboundProxy" : false
  }, {
    "packageNames" : [ "com.miui.miwallpaper" ],
    "processThroughOutboundProxy" : false
  }, {
    "packageNames" : [ "com.google.android.printservice.recommendation" ],
    "processThroughOutboundProxy" : false
  }, {
    "packageNames" : [ "com.xiaomi.simactivate.service" ],
    "processThroughOutboundProxy" : false
  }, {
    "packageNames" : [ "com.android.companiondevicemanager" ],
    "processThroughOutboundProxy" : false
  }, {
    "packageNames" : [ "com.mi.android.globalFileexplorer" ],
    "processThroughOutboundProxy" : false
  }, {
    "packageNames" : [ "com.blackshark.discovery" ],
    "processThroughOutboundProxy" : false
  }, {
    "packageNames" : [ "com.xiaomi.xmsf" ],
    "processThroughOutboundProxy" : false
  }, {
    "packageNames" : [ "com.miui.core" ],
    "processThroughOutboundProxy" : false
  }, {
    "packageNames" : [ "com.xiaomi.account" ],
    "processThroughOutboundProxy" : false
  }, {
    "packageNames" : [ "com.xiaomi.payment" ],
    "processThroughOutboundProxy" : false
  }, {
    "packageNames" : [ "com.android.htmlviewer" ],
    "processThroughOutboundProxy" : false
  }, {
    "packageNames" : [ "com.milink.service" ],
    "processThroughOutboundProxy" : false
  }, {
    "packageNames" : [ "com.blackshark.analytics" ],
    "processThroughOutboundProxy" : false
  }, {
    "packageNames" : [ "com.xiaomi.miplay_client" ],
    "processThroughOutboundProxy" : false
  }, {
    "packageNames" : [ "com.android.carrierdefaultapp" ],
    "processThroughOutboundProxy" : false
  }, {
    "packageNames" : [ "com.android.printspooler" ],
    "processThroughOutboundProxy" : false
  }, {
    "packageNames" : [ "com.miui.securityadd" ],
    "processThroughOutboundProxy" : false
  }, {
    "packageNames" : [ "com.blackshark.bslightapp" ],
    "processThroughOutboundProxy" : false
  }, {
    "packageNames" : [ "com.qualcomm.qti.cne" ],
    "processThroughOutboundProxy" : false
  }, {
    "packageNames" : [ "com.google.android.ims" ],
    "processThroughOutboundProxy" : false
  }, {
    "packageNames" : [ "com.google.android.configupdater" ],
    "processThroughOutboundProxy" : false
  }, {
    "packageNames" : [ "com.google.android.apps.restore" ],
    "processThroughOutboundProxy" : false
  }, {
    "packageNames" : [ "com.google.android.apps.work.oobconfig" ],
    "processThroughOutboundProxy" : false
  }, {
    "packageNames" : [ "com.google.android.gms", "com.google.android.gsf" ],
    "processThroughOutboundProxy" : false
  }, {
    "packageNames" : [ "com.android.vending" ],
    "processThroughOutboundProxy" : false
  }, {
    "packageNames" : [ "com.android.settings.intelligence" ],
    "processThroughOutboundProxy" : false
  }, {
    "packageNames" : [ "com.google.android.partnersetup" ],
    "processThroughOutboundProxy" : false
  }, {
    "packageNames" : [ "com.google.android.googlequicksearchbox" ],
    "processThroughOutboundProxy" : false
  }, {
    "packageNames" : [ "com.google.android.tts" ],
    "processThroughOutboundProxy" : false
  }, {
    "packageNames" : [ "com.google.android.contacts" ],
    "processThroughOutboundProxy" : false
  }, {
    "packageNames" : [ "com.google.android.webview" ],
    "processThroughOutboundProxy" : false
  }, {
    "packageNames" : [ "com.android.shell" ],
    "processThroughOutboundProxy" : false
  }, {
    "packageNames" : [ "com.android.dreams.phototable" ],
    "processThroughOutboundProxy" : false
  }, {
    "packageNames" : [ "com.google.android.marvin.talkback" ],
    "processThroughOutboundProxy" : false
  }, {
    "packageNames" : [ "com.google.android.syncadapters.contacts" ],
    "processThroughOutboundProxy" : false
  }, {
    "packageNames" : [ "com.qualcomm.location" ],
    "processThroughOutboundProxy" : false
  }, {
    "packageNames" : [ "com.google.android.setupwizard" ],
    "processThroughOutboundProxy" : false
  }, {
    "packageNames" : [ "com.google.android.feedback" ],
    "processThroughOutboundProxy" : false
  }, {
    "packageNames" : [ "com.qti.ltebc" ],
    "processThroughOutboundProxy" : false
  }, {
    "packageNames" : [ "com.qualcomm.wfd.service" ],
    "processThroughOutboundProxy" : false
  }, {
    "packageNames" : [ "com.mi.AutoTest", "com.blackshark.screenlight", "com.miui.cit", "com.blackshark.bssound", "com.android.dynsystem", "com.blackshark.exlight", "com.blackshark.factorytest", "com.xiaomi.location.fused", "com.blackshark.gamewindowservice", "com.blackshark.gamedock", "com.blackshark.HydraAlpha", "com.zeusis.HydraService", "com.xiaomi.joyose", "com.xiaomi.mtb", "com.blackshark.macro", "com.blackshark.shoulderkey", "com.xiaomi.mi_connect_service", "com.miui.systemserver", "com.miui.daemon", "com.blackshark.mtsservice", "com.blackshark.performancemaster", "com.xiaomi.powerchecker", "com.blackshark.msgtransfer", "com.smartpolicy.core", "com.miui.wmsvc", "com.blackshark.register", "com.blackshark.gameevaluate", "com.blackshark.barrage", "com.bsp.catchlog", "com.blackshark.keymapcenter", "com.miui.powerkeeper", "com.miui.securitycenter", "com.miui.securitycore", "com.xiaomi.misettings", "com.android.settings", "com.miui.screenshot", "com.android.systemui", "com.blackshark.ota", "com.miui.notification", "com.android.provision", "com.blackshark.gamesupport", "com.miui.touchassistant" ],
    "processThroughOutboundProxy" : false
  }, {
    "packageNames" : [ "com.miui.vsimcore", "com.modemdebug", "com.qti.dpmserviceapp", "com.qualcomm.qti.lpa", "com.android.phone" ],
    "processThroughOutboundProxy" : false
  }, {
    "packageNames" : [ "com.qualcomm.embms" ],
    "processThroughOutboundProxy" : false
  }, {
    "packageNames" : [ "com.xiaomi.bluetooth", "com.android.bluetooth" ],
    "processThroughOutboundProxy" : false
  }, {
    "packageNames" : [ "com.google.android.providers.media.module" ],
    "processThroughOutboundProxy" : false
  }, {
    "packageNames" : [ "com.android.hotspot2.osulogin" ],
    "processThroughOutboundProxy" : false
  }, {
    "packageNames" : [ "com.google.android.ext.services" ],
    "processThroughOutboundProxy" : false
  }, {
    "packageNames" : [ "com.more.dayzsurvival.gp" ],
    "processThroughOutboundProxy" : false
  }, {
    "packageNames" : [ "com.camelgames.superking" ],
    "processThroughOutboundProxy" : false
  }, {
    "packageNames" : [ "com.realvnc.viewer.android" ],
    "processThroughOutboundProxy" : false
  }, {
    "packageNames" : [ "de.mindz.pro.app" ],
    "processThroughOutboundProxy" : false
  }, {
    "packageNames" : [ "com.dripgrind.mindly" ],
    "processThroughOutboundProxy" : false
  }, {
    "packageNames" : [ "jettoast.easyscroll" ],
    "processThroughOutboundProxy" : false
  }, {
    "packageNames" : [ "mindnotes.note.notepad.notebook.memo.stickynotes" ],
    "processThroughOutboundProxy" : false
  }, {
    "packageNames" : [ "devdnua.clipboard.pro" ],
    "processThroughOutboundProxy" : false
  }, {
    "packageNames" : [ "com.aguriburger.my_groc" ],
    "processThroughOutboundProxy" : false
  }, {
    "packageNames" : [ "com.sec.android.app.sbrowser" ],
    "processThroughOutboundProxy" : false
  }, {
    "packageNames" : [ "com.instagram.android" ],
    "processThroughOutboundProxy" : false
  }, {
    "packageNames" : [ "com.makingfun.mageandminions" ],
    "processThroughOutboundProxy" : false
  }, {
    "packageNames" : [ "com.google.android.apps.bard" ],
    "processThroughOutboundProxy" : false
  }, {
    "packageNames" : [ "com.miui.aod" ],
    "processThroughOutboundProxy" : false
  }, {
    "packageNames" : [ "frost.land.survival.game" ],
    "processThroughOutboundProxy" : false
  }, {
    "packageNames" : [ "app.rvx.android.youtube" ],
    "processThroughOutboundProxy" : false
  }, {
    "packageNames" : [ "com.sunfire.ledscroller.ledbanner" ],
    "processThroughOutboundProxy" : false
  }, {
    "packageNames" : [ "com.estrongs.android.pop" ],
    "processThroughOutboundProxy" : false
  }, {
    "packageNames" : [ "kr.co.monoplatform.whistle" ],
    "processThroughOutboundProxy" : false
  }, {
    "packageNames" : [ "droom.sleepIfUCan" ],
    "processThroughOutboundProxy" : false
  }, {
    "packageNames" : [ "com.xiaomiui.downloader" ],
    "processThroughOutboundProxy" : false
  }, {
    "packageNames" : [ "cn.danatech.xingseus" ],
    "processThroughOutboundProxy" : false
  }, {
    "packageNames" : [ "com.mgoogle.android.gms" ],
    "processThroughOutboundProxy" : false
  }, {
    "packageNames" : [ "com.miui.mediaeditor" ],
    "processThroughOutboundProxy" : false
  }, {
    "packageNames" : [ "m.hi.co.kr" ],
    "processThroughOutboundProxy" : false
  }, {
    "packageNames" : [ "com.lightricks.photoleap" ],
    "processThroughOutboundProxy" : false
  }, {
    "packageNames" : [ "com.abrar.volumeboost" ],
    "processThroughOutboundProxy" : false
  }, {
    "packageNames" : [ "com.google.earth" ],
    "processThroughOutboundProxy" : false
  }, {
    "packageNames" : [ "com.miHoYo.GenshinImpact" ],
    "processThroughOutboundProxy" : false
  }, {
    "packageNames" : [ "com.tenfingers.seouldatepop" ],
    "processThroughOutboundProxy" : false
  }, {
    "packageNames" : [ "com.skt.prod.dialer" ],
    "processThroughOutboundProxy" : false
  }, {
    "packageNames" : [ "se.perigee.android.seven" ],
    "processThroughOutboundProxy" : false
  }, {
    "packageNames" : [ "com.android.soundrecorder" ],
    "processThroughOutboundProxy" : false
  }, {
    "packageNames" : [ "com.miui.msa.global" ],
    "processThroughOutboundProxy" : false
  }, {
    "packageNames" : [ "co.kr.waldlust.mmthcoffee" ],
    "processThroughOutboundProxy" : false
  }, {
    "packageNames" : [ "com.megabox.mop" ],
    "processThroughOutboundProxy" : false
  }, {
    "packageNames" : [ "com.google.android.projection.gearhead" ],
    "processThroughOutboundProxy" : false
  }, {
    "packageNames" : [ "com.hyundaiCard.HyundaiCardMPoint" ],
    "processThroughOutboundProxy" : false
  }, {
    "packageNames" : [ "com.google.android.dialer" ],
    "processThroughOutboundProxy" : false
  }, {
    "packageNames" : [ "com.google.android.apps.messaging" ],
    "processThroughOutboundProxy" : false
  }, {
    "packageNames" : [ "com.google.android.apps.maps" ],
    "processThroughOutboundProxy" : false
  }, {
    "packageNames" : [ "miui.systemui.plugin" ],
    "processThroughOutboundProxy" : false
  }, {
    "packageNames" : [ "com.android.pcmode" ],
    "processThroughOutboundProxy" : false
  }, {
    "packageNames" : [ "com.netflix.sv1" ],
    "processThroughOutboundProxy" : false
  }, {
    "packageNames" : [ "com.xiaomi.aiasst.vision" ],
    "processThroughOutboundProxy" : false
  }, {
    "packageNames" : [ "com.bweather.forecast" ],
    "processThroughOutboundProxy" : false
  }, {
    "packageNames" : [ "com.nx.video.player" ],
    "processThroughOutboundProxy" : false
  }, {
    "packageNames" : [ "io.appground.blek" ],
    "processThroughOutboundProxy" : false
  }, {
    "packageNames" : [ "com.SouthernPacificOceanFisher.VoiceToText_memo.pro" ],
    "processThroughOutboundProxy" : false
  }, {
    "packageNames" : [ "com.kr.krsg.google" ],
    "processThroughOutboundProxy" : false
  }, {
    "packageNames" : [ "com.kbins.kbinsure" ],
    "processThroughOutboundProxy" : false
  }, {
    "packageNames" : [ "com.habitnow" ],
    "processThroughOutboundProxy" : false
  }, {
    "packageNames" : [ "com.mini.act2.android.ovs" ],
    "processThroughOutboundProxy" : false
  }, {
    "packageNames" : [ "com.gameloft.android.ANMP.GloftM5HM" ],
    "processThroughOutboundProxy" : false
  }, {
    "packageNames" : [ "com.steadfastinnovation.android.projectpapyrus" ],
    "processThroughOutboundProxy" : false
  }, {
    "packageNames" : [ "com.dragonnest.drawnote" ],
    "processThroughOutboundProxy" : false
  }, {
    "packageNames" : [ "com.xc3fff0e.xmanager" ],
    "processThroughOutboundProxy" : false
  }, {
    "packageNames" : [ "com.snowcorp.vita" ],
    "processThroughOutboundProxy" : false
  }, {
    "packageNames" : [ "com.strava" ],
    "processThroughOutboundProxy" : false
  }, {
    "packageNames" : [ "com.linecorp.b612.android" ],
    "processThroughOutboundProxy" : false
  }, {
    "packageNames" : [ "com.photoroom.app" ],
    "processThroughOutboundProxy" : false
  }, {
    "packageNames" : [ "com.everimaging.photoeffectstudio" ],
    "processThroughOutboundProxy" : false
  }, {
    "packageNames" : [ "com.flexcil.flexcilnote" ],
    "processThroughOutboundProxy" : false
  }, {
    "packageNames" : [ "com.google.android.deskclock" ],
    "processThroughOutboundProxy" : false
  }, {
    "packageNames" : [ "com.jazibkhan.equalizer" ],
    "processThroughOutboundProxy" : false
  }, {
    "packageNames" : [ "com.daou.hc.kmm.android" ],
    "processThroughOutboundProxy" : false
  }, {
    "packageNames" : [ "com.mygpt" ],
    "processThroughOutboundProxy" : false
  }, {
    "packageNames" : [ "com.enhancer.app" ],
    "processThroughOutboundProxy" : false
  }, {
    "packageNames" : [ "com.crazylabs.mr.bullet.puzzle.game3d" ],
    "processThroughOutboundProxy" : false
  }, {
    "packageNames" : [ "com.nokoprint" ],
    "processThroughOutboundProxy" : false
  }, {
    "packageNames" : [ "com.fsck.k9" ],
    "processThroughOutboundProxy" : false
  }, {
    "packageNames" : [ "arn.android.gcam.beta" ],
    "processThroughOutboundProxy" : false
  }, {
    "packageNames" : [ "com.google.android.GoogleCameraEngR18F1" ],
    "processThroughOutboundProxy" : false
  }, {
    "packageNames" : [ "app.over.editor" ],
    "processThroughOutboundProxy" : false
  }, {
    "packageNames" : [ "com.harry.wallpie" ],
    "processThroughOutboundProxy" : false
  }, {
    "packageNames" : [ "com.shanga.walli" ],
    "processThroughOutboundProxy" : false
  }, {
    "packageNames" : [ "com.kbsec.mts.iplustarngm2" ],
    "processThroughOutboundProxy" : false
  }, {
    "packageNames" : [ "com.snailgameusa.pandatwo" ],
    "processThroughOutboundProxy" : false
  }, {
    "packageNames" : [ "com.cyberlink.youperfect" ],
    "processThroughOutboundProxy" : false
  }, {
    "packageNames" : [ "app.arcopypaste" ],
    "processThroughOutboundProxy" : false
  }, {
    "packageNames" : [ "com.vyroai.photoenhancer" ],
    "processThroughOutboundProxy" : false
  }, {
    "packageNames" : [ "com.burton999.notecal.pro" ],
    "processThroughOutboundProxy" : false
  }, {
    "packageNames" : [ "com.MuMuStudio.MagicalGirlHouse" ],
    "processThroughOutboundProxy" : false
  }, {
    "packageNames" : [ "com.gmail.heagoo.note.pro" ],
    "processThroughOutboundProxy" : false
  }, {
    "packageNames" : [ "com.cloudmosa.puffinFree" ],
    "processThroughOutboundProxy" : false
  }, {
    "packageNames" : [ "pro.capture.screenshot.pay" ],
    "processThroughOutboundProxy" : false
  }, {
    "packageNames" : [ "com.cyberlink.photodirector" ],
    "processThroughOutboundProxy" : false
  }, {
    "packageNames" : [ "com.bandainamcoent.saovsww" ],
    "processThroughOutboundProxy" : false
  }, {
    "packageNames" : [ "com.youdao.hindict" ],
    "processThroughOutboundProxy" : false
  }, {
    "packageNames" : [ "uplus.membership" ],
    "processThroughOutboundProxy" : false
  }, {
    "packageNames" : [ "com.kmshack.onewallet" ],
    "processThroughOutboundProxy" : false
  }, {
    "packageNames" : [ "com.titicacacorp.triple" ],
    "processThroughOutboundProxy" : false
  }, {
    "packageNames" : [ "com.ktcs.whowho.old" ],
    "processThroughOutboundProxy" : false
  }, {
    "packageNames" : [ "com.ea.games.r3_row" ],
    "processThroughOutboundProxy" : false
  }, {
    "packageNames" : [ "com.ikvaesolutions.notificationhistorylog" ],
    "processThroughOutboundProxy" : false
  }, {
    "packageNames" : [ "com.scaleup.photofx" ],
    "processThroughOutboundProxy" : false
  }, {
    "packageNames" : [ "gogolook.callgogolook2" ],
    "processThroughOutboundProxy" : false
  }, {
    "packageNames" : [ "com.yafit.cycle" ],
    "processThroughOutboundProxy" : false
  }, {
    "packageNames" : [ "com.foobnix.pro.pdf.reader" ],
    "processThroughOutboundProxy" : false
  }, {
    "packageNames" : [ "com.jvr.bluetooth.devicefinder" ],
    "processThroughOutboundProxy" : false
  }, {
    "packageNames" : [ "tap.photo.boost.restoration" ],
    "processThroughOutboundProxy" : false
  }, {
    "packageNames" : [ "kr.aboy.mini" ],
    "processThroughOutboundProxy" : false
  }, {
    "packageNames" : [ "com.agc.gcam88" ],
    "processThroughOutboundProxy" : false
  }, {
    "packageNames" : [ "com.genewarrior.sunlocator.pro" ],
    "processThroughOutboundProxy" : false
  }, {
    "packageNames" : [ "com.adobe.lrmobile" ],
    "processThroughOutboundProxy" : false
  }, {
    "packageNames" : [ "com.nexstreaming.app.kinemasterfree" ],
    "processThroughOutboundProxy" : false
  }, {
    "packageNames" : [ "com.bandainamcoent.gundambattle" ],
    "processThroughOutboundProxy" : false
  }, {
    "packageNames" : [ "com.kmplayer.d" ],
    "processThroughOutboundProxy" : false
  }, {
    "packageNames" : [ "com.action.survival.craft.rpg" ],
    "processThroughOutboundProxy" : false
  }, {
    "packageNames" : [ "com.lensa.app" ],
    "processThroughOutboundProxy" : false
  }, {
    "packageNames" : [ "com.amrg.bluetooth_codec_converter" ],
    "processThroughOutboundProxy" : false
  }, {
    "packageNames" : [ "com.agc.cam" ],
    "processThroughOutboundProxy" : false
  }, {
    "packageNames" : [ "com.intsig.BizCardReader" ],
    "processThroughOutboundProxy" : false
  }, {
    "packageNames" : [ "com.JESoftware.LastHopeSniper3" ],
    "processThroughOutboundProxy" : false
  }, {
    "packageNames" : [ "com.blackstar.apps.clipboard" ],
    "processThroughOutboundProxy" : false
  }, {
    "packageNames" : [ "com.peace.TextScanner" ],
    "processThroughOutboundProxy" : false
  }, {
    "packageNames" : [ "com.google.android.calendar" ],
    "processThroughOutboundProxy" : false
  }, {
    "packageNames" : [ "com.android.chrome" ],
    "processThroughOutboundProxy" : false
  }, {
    "packageNames" : [ "com.blizzard.diablo.immortal" ],
    "processThroughOutboundProxy" : false
  }, {
    "packageNames" : [ "com.playdigious.northgard" ],
    "processThroughOutboundProxy" : false
  }, {
    "packageNames" : [ "kr.bitbyte.playkeyboard" ],
    "processThroughOutboundProxy" : false
  }, {
    "packageNames" : [ "com.mxtech.videoplayer.ad" ],
    "processThroughOutboundProxy" : false
  }, {
    "packageNames" : [ "com.hecorat.screenrecorder.free" ],
    "processThroughOutboundProxy" : false
  }, {
    "packageNames" : [ "com.ginnypix.kuni" ],
    "processThroughOutboundProxy" : false
  }, {
    "packageNames" : [ "com.ktcs.whowho" ],
    "processThroughOutboundProxy" : false
  }, {
    "packageNames" : [ "com.cv.docscanner" ],
    "processThroughOutboundProxy" : false
  }, {
    "packageNames" : [ "io.alitools.android" ],
    "processThroughOutboundProxy" : false
  }, {
    "packageNames" : [ "com.mapmyrun.android2" ],
    "processThroughOutboundProxy" : false
  }, {
    "packageNames" : [ "com.ufotosoft.justshot" ],
    "processThroughOutboundProxy" : false
  }, {
    "packageNames" : [ "com.accordion.analogcam" ],
    "processThroughOutboundProxy" : false
  }, {
    "packageNames" : [ "de.dirkfarin.imagemeter" ],
    "processThroughOutboundProxy" : false
  }, {
    "packageNames" : [ "com.ceyhan.sets" ],
    "processThroughOutboundProxy" : false
  }, {
    "packageNames" : [ "com.miui.cleanmaster" ],
    "processThroughOutboundProxy" : false
  }, {
    "packageNames" : [ "com.bezapps.flowdia" ],
    "processThroughOutboundProxy" : false
  }, {
    "packageNames" : [ "com.droidfoundry.tools" ],
    "processThroughOutboundProxy" : false
  }, {
    "packageNames" : [ "com.tinder" ],
    "processThroughOutboundProxy" : false
  }, {
    "packageNames" : [ "kr.co.yellostory.weble" ],
    "processThroughOutboundProxy" : false
  }, {
    "packageNames" : [ "com.pubg.krmobile" ],
    "processThroughOutboundProxy" : false
  }, {
    "packageNames" : [ "com.calm.android" ],
    "processThroughOutboundProxy" : false
  }, {
    "packageNames" : [ "org.telegram.messengex" ],
    "processThroughOutboundProxy" : false
  }, {
    "packageNames" : [ "com.duosecurity.duomobile" ],
    "processThroughOutboundProxy" : false
  }, {
    "packageNames" : [ "com.microsoft.teams" ],
    "processThroughOutboundProxy" : false
  }, {
    "packageNames" : [ "org.polymorphicshade.newpipe" ],
    "processThroughOutboundProxy" : false
  }, {
    "packageNames" : [ "app.revanced.android.youtube" ],
    "processThroughOutboundProxy" : false
  }, {
    "packageNames" : [ "com.futuremark.dmandroid.application" ],
    "processThroughOutboundProxy" : false
  }, {
    "packageNames" : [ "video.reface.app" ],
    "processThroughOutboundProxy" : false
  }, {
    "packageNames" : [ "com.iruomu.ezaudiocut_mt_android" ],
    "processThroughOutboundProxy" : false
  }, {
    "packageNames" : [ "audioeditor.musiceditor.soundeditor.songeditor" ],
    "processThroughOutboundProxy" : false
  }, {
    "packageNames" : [ "com.riotgames.league.wildrift" ],
    "processThroughOutboundProxy" : false
  }, {
    "packageNames" : [ "com.wooricard.smartapp" ],
    "processThroughOutboundProxy" : false
  }, {
    "packageNames" : [ "com.nhn.android.nmap" ],
    "processThroughOutboundProxy" : false
  }, {
    "packageNames" : [ "xyz.klinker.messenger" ],
    "processThroughOutboundProxy" : false
  }, {
    "packageNames" : [ "com.aboutjsp.thedaybefore" ],
    "processThroughOutboundProxy" : false
  }, {
    "packageNames" : [ "com.kmplayer" ],
    "processThroughOutboundProxy" : false
  }, {
    "packageNames" : [ "cc.pacer.androidapp" ],
    "processThroughOutboundProxy" : false
  }, {
    "packageNames" : [ "io.canarymail.android" ],
    "processThroughOutboundProxy" : false
  }, {
    "packageNames" : [ "org.nine2one.elecle" ],
    "processThroughOutboundProxy" : false
  }, {
    "packageNames" : [ "com.accarunit.slowmotion" ],
    "processThroughOutboundProxy" : false
  }, {
    "packageNames" : [ "partl.Diarium" ],
    "processThroughOutboundProxy" : false
  }, {
    "packageNames" : [ "com.superlanguage" ],
    "processThroughOutboundProxy" : false
  }, {
    "packageNames" : [ "com.sparklingsociety.cityisland5" ],
    "processThroughOutboundProxy" : false
  }, {
    "packageNames" : [ "com.meitu.meiyancamera" ],
    "processThroughOutboundProxy" : false
  }, {
    "packageNames" : [ "ru.andr7e.deviceinfohw.pro" ],
    "processThroughOutboundProxy" : false
  }, {
    "packageNames" : [ "com.callapp.contacts" ],
    "processThroughOutboundProxy" : false
  } ],
  "SplitDelayMs" : 1,
  "SelfDestructingThirdPartyCookie" : false,
  "CustomUserAgent" : "",
  "OutboundProxiesList" : [ {
    "id" : 1,
    "name" : "Orbot로 Tor",
    "settings" : {
      "proxyHost" : "127.0.0.1",
      "proxyPort" : 9050,
      "proxyMode" : "SOCKS5",
      "username" : "",
      "password" : "",
      "filterDnsRequests" : true,
      "trustAnyCertificate" : false,
      "udpThroughSocks5Enabled" : false,
      "fakeDnsEnabled" : false
    },
    "orbotIntegration" : true
  } ],
  "ProxyPort" : 8080,
  "ExcludedIPv4Routes" : "// Reserved subnets\n0.0.0.0/8\n10.0.0.0/8\n100.64.0.0/10\n172.16.0.0/12\n192.0.0.0/24\n192.168.0.0/16\n192.168.1.0/16\n224.0.0.0/4\n240.0.0.0/4\n255.255.255.255/32"
}