{
  "SendDoNotTrackSignals" : true,
  "SelectedSortedByOnAllDomainsStatisticsScreen" : "MostBlocked",
  "SelectedServer" : {
    "value" : {
      "id" : 13,
      "providerId" : 10012,
      "name" : "Cloudflare DNS doh",
      "type" : "doh",
      "upstreams" : [ "https://dns.cloudflare.com/dns-query" ],
      "parallelResolve" : false
    }
  },
  "DnsDisabledUserRules" : [ ],
  "DisabledAllowListRules" : "",
  "DnsAllUserRules" : [ "||graph.facebook.com^", "||graph.instagram.com^" ],
  "FallbackUpstreams" : [ ],
  "WriteHar" : false,
  "Filters" : [ {
    "meta" : {
      "id" : 204,
      "displayOrder" : 4,
      "name" : "Peter Lowe's Blocklist",
      "description" : "Filter that blocks ads, trackers, and other nasty things.",
      "version" : "2.0.12.12",
      "group" : "Privacy",
      "subscriptionUrl" : "https://pgl.yoyo.org/adservers/serverlist.php?hostformat=adblockplus&mimetype=plaintext",
      "homepage" : "https://pgl.yoyo.org/adservers/",
      "tags" : [ {
        "id" : 2,
        "keyword" : "purpose:privacy"
      } ],
      "lastTimeDownloaded" : 1700082062000,
      "enabled" : false,
      "trusted" : true
    },
    "relativePathToFilteringRules" : null
  }, {
    "meta" : {
      "id" : 225,
      "displayOrder" : 4,
      "name" : "Fanboy's Anti-Facebook List",
      "description" : "Warning, it will break Facebook-based comments on some websites and may also break some Facebook apps or games.",
      "version" : "2.0.4.82",
      "group" : "Privacy",
      "subscriptionUrl" : "https://www.fanboy.co.nz/fanboy-antifacebook.txt",
      "homepage" : "https://www.fanboy.co.nz",
      "tags" : [ {
        "id" : 2,
        "keyword" : "purpose:privacy"
      }, {
        "id" : 45,
        "keyword" : "problematic"
      } ],
      "lastTimeDownloaded" : 1697000476000,
      "enabled" : false,
      "trusted" : true
    },
    "relativePathToFilteringRules" : null
  }, {
    "meta" : {
      "id" : 2,
      "displayOrder" : 1,
      "name" : "AdGuard Base filter",
      "description" : "EasyList + AdGuard English filter. This filter is necessary for quality ad blocking.",
      "version" : "2.3.36.66",
      "group" : "Ads",
      "subscriptionUrl" : "https://filters.adtidy.org/android/filters/2_optimized.txt",
      "homepage" : "https://adguard.com/kb/general/ad-filtering/adguard-filters/",
      "tags" : [ {
        "id" : 10,
        "keyword" : "recommended"
      }, {
        "id" : 1,
        "keyword" : "purpose:ads"
      } ],
      "lastTimeDownloaded" : 1716341495000,
      "enabled" : true,
      "trusted" : true
    },
    "relativePathToFilteringRules" : "/filters/filter_2.txt"
  }, {
    "meta" : {
      "id" : 227,
      "displayOrder" : 2,
      "name" : "List-KR",
      "description" : "Filter that removes ads and various scripts from websites with Korean content. Combined and augmented with AdGuard-specific rules for enhanced filtering. This filter is expected to be used alongside with AdGuard Base filter.",
      "version" : "2.0.18.43",
      "group" : "Language",
      "subscriptionUrl" : "https://raw.githubusercontent.com/List-KR/List-KR/master/filter-AdGuard.txt",
      "homepage" : "https://list-kr.github.io/",
      "tags" : [ {
        "id" : 1,
        "keyword" : "purpose:ads"
      }, {
        "id" : 56,
        "keyword" : "lang:ko"
      }, {
        "id" : 10,
        "keyword" : "recommended"
      } ],
      "lastTimeDownloaded" : 1716282094000,
      "enabled" : true,
      "trusted" : true
    },
    "relativePathToFilteringRules" : "/filters/filter_227.txt"
  }, {
    "meta" : {
      "id" : 224,
      "displayOrder" : 1,
      "name" : "AdGuard Chinese filter",
      "description" : "EasyList China + AdGuard Chinese filter. Filter list that specifically removes ads on websites in Chinese language.",
      "version" : "2.0.82.55",
      "group" : "Language",
      "subscriptionUrl" : "https://filters.adtidy.org/android/filters/224_optimized.txt",
      "homepage" : "https://adguard.com/kb/general/ad-filtering/adguard-filters/",
      "tags" : [ {
        "id" : 1,
        "keyword" : "purpose:ads"
      }, {
        "id" : 10,
        "keyword" : "recommended"
      }, {
        "id" : 31,
        "keyword" : "lang:zh"
      } ],
      "lastTimeDownloaded" : 1678611782000,
      "enabled" : false,
      "trusted" : true
    },
    "relativePathToFilteringRules" : null
  }, {
    "meta" : {
      "id" : 10,
      "displayOrder" : 1,
      "name" : "Filter unblocking search ads and self-promotion",
      "description" : "Filter that unblocks search ads in Google, DuckDuckGo, Bing, or Yahoo and self-promotion on websites.",
      "version" : "2.0.1.40",
      "group" : "Other",
      "subscriptionUrl" : "https://filters.adtidy.org/android/filters/10_optimized.txt",
      "homepage" : "https://adguard.com/kb/general/ad-filtering/adguard-filters/",
      "tags" : [ ],
      "lastTimeDownloaded" : 1624127421000,
      "enabled" : false,
      "trusted" : true
    },
    "relativePathToFilteringRules" : null
  }, {
    "meta" : {
      "id" : 15,
      "displayOrder" : 3,
      "name" : "AdGuard DNS filter",
      "description" : "Filter composed of several other filters (AdGuard Base filter, Social Media filter, Tracking Protection filter, Mobile Ads filter, EasyList and EasyPrivacy) and simplified specifically to be better compatible with DNS-level ad blocking.",
      "version" : "2.0.65.73",
      "group" : "Other",
      "subscriptionUrl" : "https://filters.adtidy.org/android/filters/15_optimized.txt",
      "homepage" : "https://adguard.com/kb/general/ad-filtering/adguard-filters/",
      "tags" : [ {
        "id" : 45,
        "keyword" : "problematic"
      }, {
        "id" : 1,
        "keyword" : "purpose:ads"
      }, {
        "id" : 2,
        "keyword" : "purpose:privacy"
      } ],
      "lastTimeDownloaded" : 1716337927000,
      "enabled" : true,
      "trusted" : true
    },
    "relativePathToFilteringRules" : "/filters/filter_15.txt"
  }, {
    "meta" : {
      "id" : 21,
      "displayOrder" : 2,
      "name" : "AdGuard Other Annoyances filter",
      "description" : "Blocks irritating elements on web pages that do not fall under the popular categories of annoyances.",
      "version" : "2.0.22.62",
      "group" : "Annoyances",
      "subscriptionUrl" : "https://filters.adtidy.org/android/filters/21_optimized.txt",
      "homepage" : "https://adguard.com/kb/general/ad-filtering/adguard-filters/",
      "tags" : [ {
        "id" : 5,
        "keyword" : "purpose:annoyances"
      }, {
        "id" : 10,
        "keyword" : "recommended"
      } ],
      "lastTimeDownloaded" : 1716319947000,
      "enabled" : true,
      "trusted" : true
    },
    "relativePathToFilteringRules" : "/filters/filter_21.txt"
  }, {
    "meta" : {
      "id" : 14,
      "displayOrder" : 1,
      "name" : "AdGuard Annoyances filter",
      "description" : "Blocks irritating elements on web pages including cookie notices, third-party widgets and in-page pop-ups. Contains the following AdGuard filters: Cookie Notices, Popups, Mobile App Banners, Other Annoyances and Widgets.",
      "version" : "2.1.96.94",
      "group" : "Annoyances",
      "subscriptionUrl" : "https://filters.adtidy.org/android/filters/14_optimized.txt",
      "homepage" : "https://adguard.com/kb/general/ad-filtering/adguard-filters/",
      "tags" : [ {
        "id" : 5,
        "keyword" : "purpose:annoyances"
      } ],
      "lastTimeDownloaded" : 1716330712000,
      "enabled" : true,
      "trusted" : true
    },
    "relativePathToFilteringRules" : "/filters/filter_14.txt"
  }, {
    "meta" : {
      "id" : 104,
      "displayOrder" : 2,
      "name" : "EasyList China",
      "description" : "Additional filter list for websites in Chinese. Already included in AdGuard Chinese filter.",
      "version" : "2.0.92.27",
      "group" : "Language",
      "subscriptionUrl" : "https://raw.githubusercontent.com/easylist/easylistchina/master/easylistchina.txt",
      "homepage" : "https://github.com/easylist/easylistchina",
      "tags" : [ {
        "id" : 1,
        "keyword" : "purpose:ads"
      }, {
        "id" : 31,
        "keyword" : "lang:zh"
      } ],
      "lastTimeDownloaded" : 1628168430000,
      "enabled" : false,
      "trusted" : true
    },
    "relativePathToFilteringRules" : null
  }, {
    "meta" : {
      "id" : 108,
      "displayOrder" : 2,
      "name" : "EasyList Hebrew",
      "description" : "Additional filter list for websites in Hebrew.",
      "version" : "2.0.3.81",
      "group" : "Language",
      "subscriptionUrl" : "https://raw.githubusercontent.com/easylist/EasyListHebrew/master/EasyListHebrew.txt",
      "homepage" : "https://github.com/easylist/EasyListHebrew",
      "tags" : [ {
        "id" : 1,
        "keyword" : "purpose:ads"
      }, {
        "id" : 10,
        "keyword" : "recommended"
      }, {
        "id" : 34,
        "keyword" : "lang:he"
      } ],
      "lastTimeDownloaded" : 1627938040000,
      "enabled" : false,
      "trusted" : true
    },
    "relativePathToFilteringRules" : null
  }, {
    "meta" : {
      "id" : 250,
      "displayOrder" : 100,
      "name" : "Dandelion Sprout's Annoyances List",
      "description" : "This list is made in the style of AdGuard's and Fanboy's annoyances lists. It combines many of Dandelion Sprout's proudest and most frequently maintained international lists, as a curated compilation for simplicity's sake.",
      "version" : "2.0.0.32",
      "group" : "Annoyances",
      "subscriptionUrl" : "https://raw.githubusercontent.com/DandelionSprout/adfilt/master/AnnoyancesList",
      "homepage" : "https://github.com/DandelionSprout/adfilt",
      "tags" : [ {
        "id" : 5,
        "keyword" : "purpose:annoyances"
      } ],
      "lastTimeDownloaded" : 1628110916000,
      "enabled" : false,
      "trusted" : true
    },
    "relativePathToFilteringRules" : null
  }, {
    "meta" : {
      "id" : 106,
      "displayOrder" : 2,
      "name" : "EasyList Dutch",
      "description" : "Additional filter list for websites in Dutch. Already included in AdGuard Dutch filter.",
      "version" : "2.0.92.24",
      "group" : "Language",
      "subscriptionUrl" : "https://easylist-downloads.adblockplus.org/easylistdutch.txt",
      "homepage" : "https://github.com/easylist/easylistdutch/",
      "tags" : [ {
        "id" : 1,
        "keyword" : "purpose:ads"
      }, {
        "id" : 15,
        "keyword" : "lang:nl"
      } ],
      "lastTimeDownloaded" : 1628168431000,
      "enabled" : false,
      "trusted" : true
    },
    "relativePathToFilteringRules" : null
  }, {
    "meta" : {
      "id" : 16,
      "displayOrder" : 1,
      "name" : "AdGuard French filter",
      "description" : "Liste FR + AdGuard French filter. Filter list that specifically removes ads on websites in French language.",
      "version" : "2.0.29.6",
      "group" : "Language",
      "subscriptionUrl" : "https://filters.adtidy.org/android/filters/16_optimized.txt",
      "homepage" : "https://adguard.com/kb/general/ad-filtering/adguard-filters/",
      "tags" : [ {
        "id" : 1,
        "keyword" : "purpose:ads"
      }, {
        "id" : 10,
        "keyword" : "recommended"
      }, {
        "id" : 27,
        "keyword" : "lang:fr"
      } ],
      "lastTimeDownloaded" : 1628163057000,
      "enabled" : false,
      "trusted" : true
    },
    "relativePathToFilteringRules" : null
  }, {
    "meta" : {
      "id" : 221,
      "displayOrder" : 2,
      "name" : "Polish Social Filters",
      "description" : "Polish filter list for social widgets, popups, etc.",
      "version" : "2.0.4.15",
      "group" : "Language",
      "subscriptionUrl" : "https://raw.githubusercontent.com/MajkiIT/polish-ads-filter/master/adblock_social_filters/adblock_social_list.txt",
      "homepage" : "https://github.com/MajkiIT/polish-ads-filter#polish-filters-for-adblock-ublock-origin--adguard",
      "tags" : [ {
        "id" : 3,
        "keyword" : "purpose:social"
      }, {
        "id" : 41,
        "keyword" : "lang:pl"
      } ],
      "lastTimeDownloaded" : 1627915278000,
      "enabled" : false,
      "trusted" : true
    },
    "relativePathToFilteringRules" : null
  }, {
    "meta" : {
      "id" : 120,
      "displayOrder" : 2,
      "name" : "AdBlockID",
      "description" : "Additional filter list for websites in Indonesian.",
      "version" : "2.0.7.42",
      "group" : "Language",
      "subscriptionUrl" : "https://raw.githubusercontent.com/realodix/AdBlockID/main/dist/adblockid.adfl.txt",
      "homepage" : "https://github.com/realodix/AdBlockID",
      "tags" : [ {
        "id" : 1,
        "keyword" : "purpose:ads"
      }, {
        "id" : 10,
        "keyword" : "recommended"
      }, {
        "id" : 29,
        "keyword" : "lang:id"
      } ],
      "lastTimeDownloaded" : 1626598852000,
      "enabled" : false,
      "trusted" : true
    },
    "relativePathToFilteringRules" : null
  }, {
    "meta" : {
      "id" : 5,
      "displayOrder" : 4,
      "name" : "AdGuard Experimental filter",
      "description" : "Filter designed to test certain hazardous filtering rules before they are added to the basic filters.",
      "version" : "2.0.0.88",
      "group" : "Other",
      "subscriptionUrl" : "https://filters.adtidy.org/android/filters/5_optimized.txt",
      "homepage" : "https://adguard.com/kb/general/ad-filtering/adguard-filters/",
      "tags" : [ {
        "id" : 45,
        "keyword" : "problematic"
      } ],
      "lastTimeDownloaded" : 1625502692000,
      "enabled" : false,
      "trusted" : true
    },
    "relativePathToFilteringRules" : null
  }, {
    "meta" : {
      "id" : 107,
      "displayOrder" : 2,
      "name" : "EasyList Germany",
      "description" : "Additional filter list for websites in German. Already included in AdGuard German filter.",
      "version" : "2.0.6.22",
      "group" : "Language",
      "subscriptionUrl" : "https://easylist.to/easylistgermany/easylistgermany.txt",
      "homepage" : "https://github.com/easylist/easylistgermany/",
      "tags" : [ {
        "id" : 1,
        "keyword" : "purpose:ads"
      }, {
        "id" : 12,
        "keyword" : "lang:de"
      } ],
      "lastTimeDownloaded" : 1627915227000,
      "enabled" : false,
      "trusted" : true
    },
    "relativePathToFilteringRules" : null
  }, {
    "meta" : {
      "id" : 105,
      "displayOrder" : 2,
      "name" : "EasyList Czech and Slovak",
      "description" : "Additional filter list for websites in Czech and Slovak.",
      "version" : "2.0.1.98",
      "group" : "Language",
      "subscriptionUrl" : "https://raw.githubusercontent.com/tomasko126/easylistczechandslovak/master/filters.txt",
      "homepage" : "https://github.com/tomasko126/easylistczechandslovak",
      "tags" : [ {
        "id" : 1,
        "keyword" : "purpose:ads"
      }, {
        "id" : 10,
        "keyword" : "recommended"
      }, {
        "id" : 32,
        "keyword" : "lang:cs"
      }, {
        "id" : 33,
        "keyword" : "lang:sk"
      } ],
      "lastTimeDownloaded" : 1624842029000,
      "enabled" : false,
      "trusted" : true
    },
    "relativePathToFilteringRules" : null
  }, {
    "meta" : {
      "id" : 207,
      "displayOrder" : 3,
      "name" : "Adblock Warning Removal List",
      "description" : "Removes anti-adblock warnings and other obtrusive messages.",
      "version" : "2.1.49.24",
      "group" : "Annoyances",
      "subscriptionUrl" : "https://easylist-downloads.adblockplus.org/antiadblockfilters.txt",
      "homepage" : "https://github.com/easylist/antiadblockfilters/",
      "tags" : [ {
        "id" : 50,
        "keyword" : "purpose:antiadblock"
      } ],
      "lastTimeDownloaded" : 1716339710000,
      "enabled" : true,
      "trusted" : true
    },
    "relativePathToFilteringRules" : "/filters/filter_207.txt"
  }, {
    "meta" : {
      "id" : 9,
      "displayOrder" : 1,
      "name" : "AdGuard Spanish/Portuguese filter",
      "description" : "Filter list that specifically removes ads on websites in Spanish, Portuguese, and Brazilian Portuguese languages.",
      "version" : "2.0.10.60",
      "group" : "Language",
      "subscriptionUrl" : "https://filters.adtidy.org/android/filters/9_optimized.txt",
      "homepage" : "https://adguard.com/kb/general/ad-filtering/adguard-filters/",
      "tags" : [ {
        "id" : 1,
        "keyword" : "purpose:ads"
      }, {
        "id" : 10,
        "keyword" : "recommended"
      }, {
        "id" : 17,
        "keyword" : "lang:es"
      }, {
        "id" : 18,
        "keyword" : "lang:pt"
      } ],
      "lastTimeDownloaded" : 1628173912000,
      "enabled" : false,
      "trusted" : true
    },
    "relativePathToFilteringRules" : null
  }, {
    "meta" : {
      "id" : 10006,
      "displayOrder" : 0,
      "name" : "제거된 추적 매개 변수 필터",
      "description" : null,
      "version" : "",
      "group" : "Custom",
      "subscriptionUrl" : null,
      "homepage" : "",
      "tags" : [ ],
      "lastTimeDownloaded" : 1628748343277,
      "enabled" : true,
      "trusted" : true
    },
    "relativePathToFilteringRules" : null
  }, {
    "meta" : {
      "id" : 18,
      "displayOrder" : 2,
      "name" : "AdGuard Cookie Notices filter",
      "description" : "Blocks cookie notices on web pages.",
      "version" : "2.0.4.67",
      "group" : "Annoyances",
      "subscriptionUrl" : "https://filters.adtidy.org/android/filters/18_optimized.txt",
      "homepage" : "https://adguard.com/kb/general/ad-filtering/adguard-filters/",
      "tags" : [ {
        "id" : 5,
        "keyword" : "purpose:annoyances"
      }, {
        "id" : 10,
        "keyword" : "recommended"
      } ],
      "lastTimeDownloaded" : 1670535051000,
      "enabled" : false,
      "trusted" : true
    },
    "relativePathToFilteringRules" : "/filters/filter_18.txt"
  }, {
    "meta" : {
      "id" : 202,
      "displayOrder" : 2,
      "name" : "EasyList Thailand",
      "description" : "Filter that blocks ads on Thai sites.",
      "version" : "2.0.0.34",
      "group" : "Language",
      "subscriptionUrl" : "https://raw.githubusercontent.com/easylist-thailand/easylist-thailand/master/subscription/easylist-thailand.txt",
      "homepage" : "https://github.com/easylist-thailand/",
      "tags" : [ {
        "id" : 1,
        "keyword" : "purpose:ads"
      }, {
        "id" : 10,
        "keyword" : "recommended"
      }, {
        "id" : 64,
        "keyword" : "lang:th"
      } ],
      "lastTimeDownloaded" : 1607072485000,
      "enabled" : false,
      "trusted" : true
    },
    "relativePathToFilteringRules" : null
  }, {
    "meta" : {
      "id" : 206,
      "displayOrder" : 2,
      "name" : "Xfiles",
      "description" : "Italian adblock filter list.",
      "version" : "2.0.1.10",
      "group" : "Language",
      "subscriptionUrl" : "https://raw.githubusercontent.com/gioxx/xfiles/master/filtri.txt",
      "homepage" : "https://xfiles.noads.it/",
      "tags" : [ {
        "id" : 1,
        "keyword" : "purpose:ads"
      }, {
        "id" : 35,
        "keyword" : "lang:it"
      } ],
      "lastTimeDownloaded" : 1627307156000,
      "enabled" : false,
      "trusted" : true
    },
    "relativePathToFilteringRules" : null
  }, {
    "meta" : {
      "id" : 8,
      "displayOrder" : 1,
      "name" : "AdGuard Dutch filter",
      "description" : "EasyList Dutch + AdGuard Dutch filter. Filter list that specifically removes ads on websites in Dutch language.",
      "version" : "2.0.1.77",
      "group" : "Language",
      "subscriptionUrl" : "https://filters.adtidy.org/android/filters/8_optimized.txt",
      "homepage" : "https://adguard.com/kb/general/ad-filtering/adguard-filters/",
      "tags" : [ {
        "id" : 1,
        "keyword" : "purpose:ads"
      }, {
        "id" : 10,
        "keyword" : "recommended"
      }, {
        "id" : 15,
        "keyword" : "lang:nl"
      } ],
      "lastTimeDownloaded" : 1628004711000,
      "enabled" : false,
      "trusted" : true
    },
    "relativePathToFilteringRules" : null
  }, {
    "meta" : {
      "id" : 228,
      "displayOrder" : 2,
      "name" : "xinggsf",
      "description" : "Blocks ads on the Chinese video platforms (MangoTV, DouYu and others).",
      "version" : "2.0.1.6",
      "group" : "Language",
      "subscriptionUrl" : "https://raw.githubusercontent.com/xinggsf/Adblock-Plus-Rule/master/rule.txt",
      "homepage" : "https://github.com/xinggsf/Adblock-Plus-Rule/",
      "tags" : [ {
        "id" : 1,
        "keyword" : "purpose:ads"
      }, {
        "id" : 31,
        "keyword" : "lang:zh"
      } ],
      "lastTimeDownloaded" : 1625158900000,
      "enabled" : false,
      "trusted" : true
    },
    "relativePathToFilteringRules" : null
  }, {
    "meta" : {
      "id" : 236,
      "displayOrder" : 2,
      "name" : "road-block light",
      "description" : "Romanian ad blocking filter subscription.",
      "version" : "2.0.0.75",
      "group" : "Language",
      "subscriptionUrl" : "https://raw.githubusercontent.com/tcptomato/ROad-Block/master/road-block-filters-light.txt",
      "homepage" : "https://github.com/tcptomato/ROad-Block",
      "tags" : [ {
        "id" : 1,
        "keyword" : "purpose:ads"
      }, {
        "id" : 39,
        "keyword" : "lang:ro"
      } ],
      "lastTimeDownloaded" : 1602593143000,
      "enabled" : false,
      "trusted" : true
    },
    "relativePathToFilteringRules" : null
  }, {
    "meta" : {
      "id" : 231,
      "displayOrder" : 2,
      "name" : "EasyList Spanish",
      "description" : "Additional filter list for websites in Spanish.",
      "version" : "2.0.92.26",
      "group" : "Language",
      "subscriptionUrl" : "https://easylist-downloads.adblockplus.org/easylistspanish.txt",
      "homepage" : "https://github.com/easylist/easylistspanish",
      "tags" : [ {
        "id" : 1,
        "keyword" : "purpose:ads"
      }, {
        "id" : 17,
        "keyword" : "lang:es"
      } ],
      "lastTimeDownloaded" : 1628168501000,
      "enabled" : false,
      "trusted" : true
    },
    "relativePathToFilteringRules" : null
  }, {
    "meta" : {
      "id" : 241,
      "displayOrder" : 100,
      "name" : "EasyList Cookie List",
      "description" : "Removes cookie and privacy warnings. Already included in Fanboy's Annoyances list.",
      "version" : "2.1.24.9",
      "group" : "Annoyances",
      "subscriptionUrl" : "https://www.fanboy.co.nz/fanboy-cookiemonster.txt",
      "homepage" : "https://github.com/easylist/easylist/",
      "tags" : [ {
        "id" : 6,
        "keyword" : "purpose:cookies"
      } ],
      "lastTimeDownloaded" : 1700096501000,
      "enabled" : false,
      "trusted" : true
    },
    "relativePathToFilteringRules" : null
  }, {
    "meta" : {
      "id" : 249,
      "displayOrder" : 249,
      "name" : "Dandelion Sprout's Nordic Filters",
      "description" : "This list covers websites for Norway, Denmark, Iceland, Danish territories, and the Sami indigenous population.",
      "version" : "2.0.5.43",
      "group" : "Language",
      "subscriptionUrl" : "https://raw.githubusercontent.com/DandelionSprout/adfilt/master/NorwegianExperimentalList%20alternate%20versions/NordicFiltersAdGuard.txt",
      "homepage" : "https://github.com/DandelionSprout/adfilt",
      "tags" : [ {
        "id" : 10,
        "keyword" : "recommended"
      }, {
        "id" : 1,
        "keyword" : "purpose:ads"
      }, {
        "id" : 4,
        "keyword" : "purpose:security"
      }, {
        "id" : 43,
        "keyword" : "lang:no"
      }, {
        "id" : 49,
        "keyword" : "lang:da"
      }, {
        "id" : 42,
        "keyword" : "lang:is"
      }, {
        "id" : 63,
        "keyword" : "lang:fo"
      } ],
      "lastTimeDownloaded" : 1628096514000,
      "enabled" : false,
      "trusted" : true
    },
    "relativePathToFilteringRules" : null
  }, {
    "meta" : {
      "id" : 4,
      "displayOrder" : 1,
      "name" : "AdGuard Social Media filter",
      "description" : "Filter for social media widgets such as 'Like' and 'Share' buttons and more.",
      "version" : "2.0.89.46",
      "group" : "Social",
      "subscriptionUrl" : "https://filters.adtidy.org/android/filters/4_optimized.txt",
      "homepage" : "https://adguard.com/kb/general/ad-filtering/adguard-filters/",
      "tags" : [ {
        "id" : 3,
        "keyword" : "purpose:social"
      }, {
        "id" : 10,
        "keyword" : "recommended"
      } ],
      "lastTimeDownloaded" : 1691677919000,
      "enabled" : false,
      "trusted" : true
    },
    "relativePathToFilteringRules" : null
  }, {
    "meta" : {
      "id" : 212,
      "displayOrder" : 2,
      "name" : "RU AdList: Counters",
      "description" : "RU AdList supplement for trackers blocking.",
      "version" : "2.0.91.76",
      "group" : "Language",
      "subscriptionUrl" : "https://easylist-downloads.adblockplus.org/cntblock.txt",
      "homepage" : "https://forums.lanik.us/viewforum.php?f=102",
      "tags" : [ {
        "id" : 2,
        "keyword" : "purpose:privacy"
      }, {
        "id" : 8,
        "keyword" : "lang:ru"
      } ],
      "lastTimeDownloaded" : 1627275673000,
      "enabled" : false,
      "trusted" : true
    },
    "relativePathToFilteringRules" : null
  }, {
    "meta" : {
      "id" : 112,
      "displayOrder" : 2,
      "name" : "Liste AR",
      "description" : "Additional filter list for websites in Arabic.",
      "version" : "2.0.92.25",
      "group" : "Language",
      "subscriptionUrl" : "https://easylist-downloads.adblockplus.org/Liste_AR.txt",
      "homepage" : "https://github.com/easylist/listear",
      "tags" : [ {
        "id" : 1,
        "keyword" : "purpose:ads"
      }, {
        "id" : 10,
        "keyword" : "recommended"
      }, {
        "id" : 38,
        "keyword" : "lang:ar"
      } ],
      "lastTimeDownloaded" : 1628168436000,
      "enabled" : false,
      "trusted" : true
    },
    "relativePathToFilteringRules" : null
  }, {
    "meta" : {
      "id" : 218,
      "displayOrder" : 2,
      "name" : "Estonian List",
      "description" : "Filter for ad blocking on Estonian sites.",
      "version" : "2.0.3.37",
      "group" : "Language",
      "subscriptionUrl" : "https://adblock.ee/list.php",
      "homepage" : "https://adblock.ee/",
      "tags" : [ {
        "id" : 10,
        "keyword" : "recommended"
      }, {
        "id" : 1,
        "keyword" : "purpose:ads"
      }, {
        "id" : 53,
        "keyword" : "lang:et"
      } ],
      "lastTimeDownloaded" : 1622653284000,
      "enabled" : false,
      "trusted" : true
    },
    "relativePathToFilteringRules" : null
  }, {
    "meta" : {
      "id" : 114,
      "displayOrder" : 2,
      "name" : "ROList",
      "description" : "Additional filter list for websites in Romanian.",
      "version" : "2.0.0.77",
      "group" : "Language",
      "subscriptionUrl" : "https://www.zoso.ro/pages/rolist.txt",
      "homepage" : "https://www.zoso.ro/rolist",
      "tags" : [ {
        "id" : 1,
        "keyword" : "purpose:ads"
      }, {
        "id" : 39,
        "keyword" : "lang:ro"
      } ],
      "lastTimeDownloaded" : 1617195706000,
      "enabled" : false,
      "trusted" : true
    },
    "relativePathToFilteringRules" : null
  }, {
    "meta" : {
      "id" : 19,
      "displayOrder" : 2,
      "name" : "AdGuard Popups filter",
      "description" : "Blocks all kinds of pop-ups that are not necessary for websites' operation according to our Filter policy.",
      "version" : "2.0.4.55",
      "group" : "Annoyances",
      "subscriptionUrl" : "https://filters.adtidy.org/android/filters/19_optimized.txt",
      "homepage" : "https://adguard.com/kb/general/ad-filtering/adguard-filters/",
      "tags" : [ {
        "id" : 5,
        "keyword" : "purpose:annoyances"
      }, {
        "id" : 10,
        "keyword" : "recommended"
      } ],
      "lastTimeDownloaded" : 1670542255000,
      "enabled" : false,
      "trusted" : true
    },
    "relativePathToFilteringRules" : "/filters/filter_19.txt"
  }, {
    "meta" : {
      "id" : 220,
      "displayOrder" : 2,
      "name" : "CJX's Annoyances List",
      "description" : "Supplement for EasyList China+EasyList and EasyPrivacy.",
      "version" : "2.0.4.10",
      "group" : "Language",
      "subscriptionUrl" : "https://raw.githubusercontent.com/cjx82630/cjxlist/master/cjx-annoyance.txt",
      "homepage" : "http://abpchina.org/forum/forum.php?mod=viewthread&tid=29667",
      "tags" : [ {
        "id" : 5,
        "keyword" : "purpose:annoyances"
      }, {
        "id" : 31,
        "keyword" : "lang:zh"
      } ],
      "lastTimeDownloaded" : 1628125341000,
      "enabled" : false,
      "trusted" : true
    },
    "relativePathToFilteringRules" : null
  }, {
    "meta" : {
      "id" : 101,
      "displayOrder" : 3,
      "name" : "EasyList",
      "description" : "EasyList is the primary subscription that removes adverts from web pages in English. Already included in AdGuard Base filter.",
      "version" : "2.1.26.26",
      "group" : "Ads",
      "subscriptionUrl" : "https://easylist-downloads.adblockplus.org/easylist.txt",
      "homepage" : "https://github.com/easylist/easylist/",
      "tags" : [ {
        "id" : 1,
        "keyword" : "purpose:ads"
      } ],
      "lastTimeDownloaded" : 1716339690000,
      "enabled" : true,
      "trusted" : true
    },
    "relativePathToFilteringRules" : "/filters/filter_101.txt"
  }, {
    "meta" : {
      "id" : 244,
      "displayOrder" : 2,
      "name" : "YousList",
      "description" : "Filter that blocks ads on Korean sites.",
      "version" : "2.0.7.45",
      "group" : "Language",
      "subscriptionUrl" : "https://raw.githubusercontent.com/yous/YousList/master/youslist.txt",
      "homepage" : "https://github.com/yous/YousList/",
      "tags" : [ {
        "id" : 1,
        "keyword" : "purpose:ads"
      }, {
        "id" : 56,
        "keyword" : "lang:ko"
      } ],
      "lastTimeDownloaded" : 1628168516000,
      "enabled" : false,
      "trusted" : true
    },
    "relativePathToFilteringRules" : null
  }, {
    "meta" : {
      "id" : 203,
      "displayOrder" : 2,
      "name" : "Hungarian filter",
      "description" : "Hufilter. Filter list that specifically removes ads on websites in the Hungarian language.",
      "version" : "2.0.1.36",
      "group" : "Language",
      "subscriptionUrl" : "https://raw.githubusercontent.com/hufilter/hufilter/master/hufilter-adguard.txt",
      "homepage" : "https://github.com/hufilter/hufilter/wiki",
      "tags" : [ {
        "id" : 1,
        "keyword" : "purpose:ads"
      }, {
        "id" : 2,
        "keyword" : "purpose:privacy"
      }, {
        "id" : 48,
        "keyword" : "lang:hu"
      }, {
        "id" : 10,
        "keyword" : "recommended"
      } ],
      "lastTimeDownloaded" : 1622926868000,
      "enabled" : false,
      "trusted" : true
    },
    "relativePathToFilteringRules" : null
  }, {
    "meta" : {
      "id" : 6,
      "displayOrder" : 1,
      "name" : "AdGuard German filter",
      "description" : "EasyList Germany + AdGuard German filter. Filter list that specifically removes ads on websites in German language.",
      "version" : "2.0.21.20",
      "group" : "Language",
      "subscriptionUrl" : "https://filters.adtidy.org/android/filters/6_optimized.txt",
      "homepage" : "https://adguard.com/kb/general/ad-filtering/adguard-filters/",
      "tags" : [ {
        "id" : 1,
        "keyword" : "purpose:ads"
      }, {
        "id" : 10,
        "keyword" : "recommended"
      }, {
        "id" : 12,
        "keyword" : "lang:de"
      } ],
      "lastTimeDownloaded" : 1628163112000,
      "enabled" : false,
      "trusted" : true
    },
    "relativePathToFilteringRules" : null
  }, {
    "meta" : {
      "id" : 214,
      "displayOrder" : 2,
      "name" : "ABPVN List",
      "description" : "Vietnamese adblock filter list.",
      "version" : "2.0.11.74",
      "group" : "Language",
      "subscriptionUrl" : "https://raw.githubusercontent.com/abpvn/abpvn/master/filter/abpvn_adguard.txt",
      "homepage" : "https://abpvn.com/",
      "tags" : [ {
        "id" : 1,
        "keyword" : "purpose:ads"
      }, {
        "id" : 52,
        "keyword" : "lang:vi"
      }, {
        "id" : 10,
        "keyword" : "recommended"
      } ],
      "lastTimeDownloaded" : 1628168469000,
      "enabled" : false,
      "trusted" : true
    },
    "relativePathToFilteringRules" : null
  }, {
    "meta" : {
      "id" : 119,
      "displayOrder" : 2,
      "name" : "Icelandic ABP List",
      "description" : "Additional filter list for websites in Icelandic.",
      "version" : "2.0.0.7",
      "group" : "Language",
      "subscriptionUrl" : "https://adblock.gardar.net/is.abp.txt",
      "homepage" : "https://adblock.gardar.net/",
      "tags" : [ {
        "id" : 1,
        "keyword" : "purpose:ads"
      }, {
        "id" : 42,
        "keyword" : "lang:is"
      } ],
      "lastTimeDownloaded" : 1608325268000,
      "enabled" : false,
      "trusted" : true
    },
    "relativePathToFilteringRules" : null
  }, {
    "meta" : {
      "id" : 247,
      "displayOrder" : 2,
      "name" : "Polish Anti-Annoying Special Supplement",
      "description" : "Filters that block and hide RSS elements and remnants of hidden newsletters combined with social elements on Polish websites.",
      "version" : "2.0.2.47",
      "group" : "Language",
      "subscriptionUrl" : "https://raw.githubusercontent.com/PolishFiltersTeam/PolishAntiAnnoyingSpecialSupplement/master/polish_rss_filters.txt",
      "homepage" : "https://github.com/PolishFiltersTeam/PolishAntiAnnoyingSpecialSupplement",
      "tags" : [ {
        "id" : 41,
        "keyword" : "lang:pl"
      }, {
        "id" : 5,
        "keyword" : "purpose:annoyances"
      } ],
      "lastTimeDownloaded" : 1627915306000,
      "enabled" : false,
      "trusted" : true
    },
    "relativePathToFilteringRules" : null
  }, {
    "meta" : {
      "id" : 233,
      "displayOrder" : 2,
      "name" : "Adblock List for Finland",
      "description" : "Finnish ad blocking filter list.",
      "version" : "2.0.5.34",
      "group" : "Language",
      "subscriptionUrl" : "https://raw.githubusercontent.com/finnish-easylist-addition/finnish-easylist-addition/gh-pages/Finland_adb.txt",
      "homepage" : "https://github.com/finnish-easylist-addition/finnish-easylist-addition",
      "tags" : [ {
        "id" : 1,
        "keyword" : "purpose:ads"
      }, {
        "id" : 10,
        "keyword" : "recommended"
      }, {
        "id" : 40,
        "keyword" : "lang:fi"
      } ],
      "lastTimeDownloaded" : 1628010190000,
      "enabled" : false,
      "trusted" : true
    },
    "relativePathToFilteringRules" : null
  }, {
    "meta" : {
      "id" : 113,
      "displayOrder" : 2,
      "name" : "Liste FR",
      "description" : "Additional filter list for websites in French. Already included in AdGuard French filter.",
      "version" : "2.0.92.24",
      "group" : "Language",
      "subscriptionUrl" : "https://easylist-downloads.adblockplus.org/liste_fr.txt",
      "homepage" : "https://github.com/easylist/listefr",
      "tags" : [ {
        "id" : 1,
        "keyword" : "purpose:ads"
      }, {
        "id" : 27,
        "keyword" : "lang:fr"
      } ],
      "lastTimeDownloaded" : 1628168439000,
      "enabled" : false,
      "trusted" : true
    },
    "relativePathToFilteringRules" : null
  }, {
    "meta" : {
      "id" : 217,
      "displayOrder" : 2,
      "name" : "Polish GDPR-Cookies Filters",
      "description" : "Polish filter list for cookies blocking.",
      "version" : "2.0.4.41",
      "group" : "Language",
      "subscriptionUrl" : "https://raw.githubusercontent.com/MajkiIT/polish-ads-filter/master/cookies_filters/adblock_cookies.txt",
      "homepage" : "https://github.com/MajkiIT/polish-ads-filter#polish-filters-for-adblock-ublock-origin--adguard",
      "tags" : [ {
        "id" : 6,
        "keyword" : "purpose:cookies"
      }, {
        "id" : 41,
        "keyword" : "lang:pl"
      } ],
      "lastTimeDownloaded" : 1627915267000,
      "enabled" : false,
      "trusted" : true
    },
    "relativePathToFilteringRules" : null
  }, {
    "meta" : {
      "id" : 235,
      "displayOrder" : 2,
      "name" : "Persian Blocker",
      "description" : "Filter list for blocking ads and trackers on websites in Persian.",
      "version" : "2.0.1.8",
      "group" : "Language",
      "subscriptionUrl" : "https://raw.githubusercontent.com/MasterKia/PersianBlocker/main/PersianBlocker.txt",
      "homepage" : "https://github.com/MasterKia/PersianBlocker/",
      "tags" : [ {
        "id" : 10,
        "keyword" : "recommended"
      }, {
        "id" : 1,
        "keyword" : "purpose:ads"
      }, {
        "id" : 54,
        "keyword" : "lang:fa"
      }, {
        "id" : 69,
        "keyword" : "lang:tg"
      }, {
        "id" : 70,
        "keyword" : "lang:ps"
      } ],
      "lastTimeDownloaded" : 1625907710000,
      "enabled" : false,
      "trusted" : true
    },
    "relativePathToFilteringRules" : null
  }, {
    "meta" : {
      "id" : 246,
      "displayOrder" : 2,
      "name" : "EasyList Polish",
      "description" : "Additional filter list for websites in Polish.",
      "version" : "2.0.88.32",
      "group" : "Language",
      "subscriptionUrl" : "https://easylist-downloads.adblockplus.org/easylistpolish.txt",
      "homepage" : "https://github.com/easylistpolish/easylistpolish/",
      "tags" : [ {
        "id" : 1,
        "keyword" : "purpose:ads"
      }, {
        "id" : 41,
        "keyword" : "lang:pl"
      } ],
      "lastTimeDownloaded" : 1628168517000,
      "enabled" : false,
      "trusted" : true
    },
    "relativePathToFilteringRules" : null
  }, {
    "meta" : {
      "id" : 121,
      "displayOrder" : 2,
      "name" : "Greek AdBlock Filter",
      "description" : "Additional filter list for websites in Greek.",
      "version" : "2.0.0.76",
      "group" : "Language",
      "subscriptionUrl" : "https://www.void.gr/kargig/void-gr-filters.txt",
      "homepage" : "https://github.com/kargig/greek-adblockplus-filter",
      "tags" : [ {
        "id" : 1,
        "keyword" : "purpose:ads"
      }, {
        "id" : 44,
        "keyword" : "lang:el"
      } ],
      "lastTimeDownloaded" : 1619989252000,
      "enabled" : false,
      "trusted" : true
    },
    "relativePathToFilteringRules" : null
  }, {
    "meta" : {
      "id" : 109,
      "displayOrder" : 2,
      "name" : "EasyList Italy",
      "description" : "Additional filter list for websites in Italian.",
      "version" : "2.0.92.26",
      "group" : "Language",
      "subscriptionUrl" : "https://easylist-downloads.adblockplus.org/easylistitaly.txt",
      "homepage" : "https://github.com/easylist/easylistitaly/",
      "tags" : [ {
        "id" : 1,
        "keyword" : "purpose:ads"
      }, {
        "id" : 10,
        "keyword" : "recommended"
      }, {
        "id" : 35,
        "keyword" : "lang:it"
      } ],
      "lastTimeDownloaded" : 1628168435000,
      "enabled" : false,
      "trusted" : true
    },
    "relativePathToFilteringRules" : null
  }, {
    "meta" : {
      "id" : 123,
      "displayOrder" : 2,
      "name" : "Fanboy's Social Blocking List",
      "description" : "Hides and blocks social content, social widgets, social scripts and social icons. Already included in Fanboy's Annoyances list.",
      "version" : "2.0.75.63",
      "group" : "Social",
      "subscriptionUrl" : "https://easylist-downloads.adblockplus.org/fanboy-social.txt",
      "homepage" : "https://github.com/easylist/easylist/",
      "tags" : [ {
        "id" : 3,
        "keyword" : "purpose:social"
      } ],
      "lastTimeDownloaded" : 1628168457000,
      "enabled" : false,
      "trusted" : true
    },
    "relativePathToFilteringRules" : null
  }, {
    "meta" : {
      "id" : 232,
      "displayOrder" : 2,
      "name" : "KAD - Anti-Scam",
      "description" : "Filter that protects against various types of scams in the Polish network, such as mass text messaging, fake online stores, etc.",
      "version" : "2.0.18.2",
      "group" : "Language",
      "subscriptionUrl" : "https://raw.githubusercontent.com/FiltersHeroes/KAD/master/KAD.txt",
      "homepage" : "https://github.com/FiltersHeroes/KAD",
      "tags" : [ {
        "id" : 4,
        "keyword" : "purpose:security"
      }, {
        "id" : 41,
        "keyword" : "lang:pl"
      } ],
      "lastTimeDownloaded" : 1628168502000,
      "enabled" : false,
      "trusted" : true
    },
    "relativePathToFilteringRules" : null
  }, {
    "meta" : {
      "id" : 103,
      "displayOrder" : 2,
      "name" : "Bulgarian list",
      "description" : "Additional filter list for websites in Bulgarian.",
      "version" : "2.0.0.32",
      "group" : "Language",
      "subscriptionUrl" : "https://stanev.org/abp/adblock_bg.txt",
      "homepage" : "https://github.com/RealEnder/adblockbg/",
      "tags" : [ {
        "id" : 1,
        "keyword" : "purpose:ads"
      }, {
        "id" : 10,
        "keyword" : "recommended"
      }, {
        "id" : 30,
        "keyword" : "lang:bg"
      } ],
      "lastTimeDownloaded" : 1623574826000,
      "enabled" : false,
      "trusted" : true
    },
    "relativePathToFilteringRules" : null
  }, {
    "meta" : {
      "id" : 208,
      "displayOrder" : 1,
      "name" : "Online Malicious URL Blocklist",
      "description" : "Blocks domains that are known to be used to propagate malware and spyware.",
      "version" : "2.0.96.4",
      "group" : "Security",
      "subscriptionUrl" : "https://urlhaus-filter.pages.dev/urlhaus-filter-ag-online.txt",
      "homepage" : "https://gitlab.com/malware-filter/urlhaus-filter#malicious-url-blocklist",
      "tags" : [ {
        "id" : 4,
        "keyword" : "purpose:security"
      } ],
      "lastTimeDownloaded" : 1716339710000,
      "enabled" : true,
      "trusted" : true
    },
    "relativePathToFilteringRules" : "/filters/filter_208.txt"
  }, {
    "meta" : {
      "id" : 253,
      "displayOrder" : 2,
      "name" : "IndianList",
      "description" : "Additional filter list for websites in Hindi, Tamil and other Dravidian and Indic languages.",
      "version" : "2.0.12.74",
      "group" : "Language",
      "subscriptionUrl" : "https://easylist-downloads.adblockplus.org/indianlist.txt",
      "homepage" : "https://github.com/mediumkreation/IndianList",
      "tags" : [ {
        "id" : 1,
        "keyword" : "purpose:ads"
      }, {
        "id" : 67,
        "keyword" : "lang:hi"
      }, {
        "id" : 10,
        "keyword" : "recommended"
      } ],
      "lastTimeDownloaded" : 1670547716000,
      "enabled" : false,
      "trusted" : true
    },
    "relativePathToFilteringRules" : null
  }, {
    "meta" : {
      "id" : 111,
      "displayOrder" : 2,
      "name" : "Latvian List",
      "description" : "Additional filter list for websites in Latvian.",
      "version" : "2.0.0.45",
      "group" : "Language",
      "subscriptionUrl" : "https://raw.githubusercontent.com/Latvian-List/adblock-latvian/master/lists/latvian-list.txt",
      "homepage" : "https://github.com/Latvian-List/adblock-latvian",
      "tags" : [ {
        "id" : 1,
        "keyword" : "purpose:ads"
      }, {
        "id" : 10,
        "keyword" : "recommended"
      }, {
        "id" : 36,
        "keyword" : "lang:lv"
      } ],
      "lastTimeDownloaded" : 1619715645000,
      "enabled" : false,
      "trusted" : true
    },
    "relativePathToFilteringRules" : null
  }, {
    "meta" : {
      "id" : 7,
      "displayOrder" : 1,
      "name" : "AdGuard Japanese filter",
      "description" : "Filter that enables ad blocking on websites in Japanese language.",
      "version" : "2.0.34.47",
      "group" : "Language",
      "subscriptionUrl" : "https://filters.adtidy.org/android/filters/7_optimized.txt",
      "homepage" : "https://adguard.com/kb/general/ad-filtering/adguard-filters/",
      "tags" : [ {
        "id" : 1,
        "keyword" : "purpose:ads"
      }, {
        "id" : 10,
        "keyword" : "recommended"
      }, {
        "id" : 14,
        "keyword" : "lang:ja"
      } ],
      "lastTimeDownloaded" : 1678559518000,
      "enabled" : false,
      "trusted" : true
    },
    "relativePathToFilteringRules" : null
  }, {
    "meta" : {
      "id" : 20,
      "displayOrder" : 2,
      "name" : "AdGuard Mobile App Banners filter",
      "description" : "Blocks irritating banners that promote mobile apps of websites.",
      "version" : "2.0.14.12",
      "group" : "Annoyances",
      "subscriptionUrl" : "https://filters.adtidy.org/android/filters/20_optimized.txt",
      "homepage" : "https://adguard.com/kb/general/ad-filtering/adguard-filters/",
      "tags" : [ {
        "id" : 5,
        "keyword" : "purpose:annoyances"
      }, {
        "id" : 10,
        "keyword" : "recommended"
      } ],
      "lastTimeDownloaded" : 1716316344000,
      "enabled" : true,
      "trusted" : true
    },
    "relativePathToFilteringRules" : "/filters/filter_20.txt"
  }, {
    "meta" : {
      "id" : 243,
      "displayOrder" : 2,
      "name" : "Frellwit's Swedish Filter",
      "description" : "Filter that aims to remove regional Swedish ads, tracking, social media, annoyances, sponsored articles etc.",
      "version" : "2.0.15.22",
      "group" : "Language",
      "subscriptionUrl" : "https://raw.githubusercontent.com/lassekongo83/Frellwits-filter-lists/master/Frellwits-Swedish-Filter.txt",
      "homepage" : "https://github.com/lassekongo83/Frellwit-s-filter-lists",
      "tags" : [ {
        "id" : 10,
        "keyword" : "recommended"
      }, {
        "id" : 1,
        "keyword" : "purpose:ads"
      }, {
        "id" : 5,
        "keyword" : "purpose:annoyances"
      }, {
        "id" : 2,
        "keyword" : "purpose:privacy"
      }, {
        "id" : 3,
        "keyword" : "purpose:social"
      }, {
        "id" : 55,
        "keyword" : "lang:sv"
      } ],
      "lastTimeDownloaded" : 1676624578000,
      "enabled" : false,
      "trusted" : true
    },
    "relativePathToFilteringRules" : null
  }, {
    "meta" : {
      "id" : 252,
      "displayOrder" : 2,
      "name" : "Dandelion Sprout's Serbo-Croatian List",
      "description" : "A filter list for websites in Serbian, Montenegrin, Croatian, and Bosnian.",
      "version" : "2.0.0.5",
      "group" : "Language",
      "subscriptionUrl" : "https://raw.githubusercontent.com/DandelionSprout/adfilt/master/SerboCroatianList.txt",
      "homepage" : "https://github.com/DandelionSprout/adfilt",
      "tags" : [ {
        "id" : 1,
        "keyword" : "purpose:ads"
      }, {
        "id" : 65,
        "keyword" : "lang:sr"
      }, {
        "id" : 66,
        "keyword" : "lang:hr"
      }, {
        "id" : 10,
        "keyword" : "recommended"
      } ],
      "lastTimeDownloaded" : 1667826119000,
      "enabled" : false,
      "trusted" : true
    },
    "relativePathToFilteringRules" : null
  }, {
    "meta" : {
      "id" : 22,
      "displayOrder" : 2,
      "name" : "AdGuard Widgets filter",
      "description" : "Blocks annoying third-party widgets: online assistants, live support chats, etc.",
      "version" : "2.0.1.39",
      "group" : "Annoyances",
      "subscriptionUrl" : "https://filters.adtidy.org/android/filters/22_optimized.txt",
      "homepage" : "https://adguard.com/kb/general/ad-filtering/adguard-filters/",
      "tags" : [ {
        "id" : 5,
        "keyword" : "purpose:annoyances"
      }, {
        "id" : 10,
        "keyword" : "recommended"
      } ],
      "lastTimeDownloaded" : 1670545872000,
      "enabled" : false,
      "trusted" : true
    },
    "relativePathToFilteringRules" : "/filters/filter_22.txt"
  }, {
    "meta" : {
      "id" : 118,
      "displayOrder" : 2,
      "name" : "EasyPrivacy",
      "description" : "Privacy protection supplement for EasyList.",
      "version" : "2.1.26.93",
      "group" : "Privacy",
      "subscriptionUrl" : "https://easylist.to/easylist/easyprivacy.txt",
      "homepage" : "https://github.com/easylist/easylist/",
      "tags" : [ {
        "id" : 2,
        "keyword" : "purpose:privacy"
      } ],
      "lastTimeDownloaded" : 1716339700000,
      "enabled" : true,
      "trusted" : true
    },
    "relativePathToFilteringRules" : "/filters/filter_118.txt"
  }, {
    "meta" : {
      "id" : 102,
      "displayOrder" : 2,
      "name" : "ABPindo",
      "description" : "Additional filter list for websites in Indonesian.",
      "version" : "2.0.4.30",
      "group" : "Language",
      "subscriptionUrl" : "https://raw.githubusercontent.com/ABPindo/indonesianadblockrules/master/subscriptions/abpindo.txt",
      "homepage" : "https://github.com/ABPindo/indonesianadblockrules",
      "tags" : [ {
        "id" : 1,
        "keyword" : "purpose:ads"
      }, {
        "id" : 29,
        "keyword" : "lang:id"
      } ],
      "lastTimeDownloaded" : 1627915221000,
      "enabled" : false,
      "trusted" : true
    },
    "relativePathToFilteringRules" : null
  }, {
    "meta" : {
      "id" : 1,
      "displayOrder" : 1,
      "name" : "AdGuard Russian filter",
      "description" : "Filter that enables ad blocking on websites in Russian language.",
      "version" : "2.0.57.27",
      "group" : "Language",
      "subscriptionUrl" : "https://filters.adtidy.org/android/filters/1_optimized.txt",
      "homepage" : "https://adguard.com/kb/general/ad-filtering/adguard-filters/",
      "tags" : [ {
        "id" : 1,
        "keyword" : "purpose:ads"
      }, {
        "id" : 8,
        "keyword" : "lang:ru"
      }, {
        "id" : 10,
        "keyword" : "recommended"
      } ],
      "lastTimeDownloaded" : 1628177460000,
      "enabled" : false,
      "trusted" : true
    },
    "relativePathToFilteringRules" : null
  }, {
    "meta" : {
      "id" : 237,
      "displayOrder" : 2,
      "name" : "Polish Annoyances Filters",
      "description" : "Filter list that hides and blocks pop-ups, widgets, newsletters, push notifications, arrows, tagged internal links that are off-topic, and other irritating elements. Polish GDPR-Cookies Filters is already in it.",
      "version" : "1.0.21.38",
      "group" : "Language",
      "subscriptionUrl" : "https://raw.githubusercontent.com/PolishFiltersTeam/PolishAnnoyanceFilters/master/PPB.txt",
      "homepage" : "https://polishannoyancefilters.netlify.app",
      "tags" : [ {
        "id" : 41,
        "keyword" : "lang:pl"
      }, {
        "id" : 5,
        "keyword" : "purpose:annoyances"
      } ],
      "lastTimeDownloaded" : 1627915297000,
      "enabled" : false,
      "trusted" : true
    },
    "relativePathToFilteringRules" : null
  }, {
    "meta" : {
      "id" : 122,
      "displayOrder" : 100,
      "name" : "Fanboy's Annoyances",
      "description" : "Removes in-page pop-ups and other annoyances. Includes Fanboy's Social Blocking & EasyList Cookie Lists.",
      "version" : "2.1.16.6",
      "group" : "Annoyances",
      "subscriptionUrl" : "https://secure.fanboy.co.nz/fanboy-annoyance_ubo.txt",
      "homepage" : "https://github.com/easylist/easylist/",
      "tags" : [ {
        "id" : 5,
        "keyword" : "purpose:annoyances"
      } ],
      "lastTimeDownloaded" : 1700096452000,
      "enabled" : false,
      "trusted" : true
    },
    "relativePathToFilteringRules" : null
  }, {
    "meta" : {
      "id" : 10015,
      "displayOrder" : 0,
      "name" : "AakList (Anti-Adblock Killer)",
      "description" : "Author: Reek | http://reeksite.com/",
      "version" : "10.0",
      "group" : "Custom",
      "subscriptionUrl" : "https://raw.githubusercontent.com/reek/anti-adblock-killer/master/anti-adblock-killer-filters.txt",
      "homepage" : "https://github.com/reek/anti-adblock-killer/",
      "tags" : [ ],
      "lastTimeDownloaded" : 1712334327244,
      "enabled" : true,
      "trusted" : false
    },
    "relativePathToFilteringRules" : "/filters/filter_10015.txt"
  }, {
    "meta" : {
      "id" : 216,
      "displayOrder" : 2,
      "name" : "Official Polish filters for AdBlock, uBlock Origin & AdGuard",
      "description" : "Additional filter list for websites in Polish.",
      "version" : "2.0.14.86",
      "group" : "Language",
      "subscriptionUrl" : "https://raw.githubusercontent.com/MajkiIT/polish-ads-filter/master/polish-adblock-filters/adblock.txt",
      "homepage" : "https://github.com/MajkiIT/polish-ads-filter#polish-filters-for-adblock-ublock-origin--adguard",
      "tags" : [ {
        "id" : 1,
        "keyword" : "purpose:ads"
      }, {
        "id" : 10,
        "keyword" : "recommended"
      }, {
        "id" : 41,
        "keyword" : "lang:pl"
      } ],
      "lastTimeDownloaded" : 1678352470000,
      "enabled" : false,
      "trusted" : true
    },
    "relativePathToFilteringRules" : null
  }, {
    "meta" : {
      "id" : 238,
      "displayOrder" : 2,
      "name" : "Polish Anti Adblock Filters",
      "description" : "Official Polish filters against Adblock alerts.",
      "version" : "2.0.3.40",
      "group" : "Language",
      "subscriptionUrl" : "https://raw.githubusercontent.com/olegwukr/polish-privacy-filters/master/anti-adblock.txt",
      "homepage" : "https://github.com/olegwukr/polish-privacy-filters",
      "tags" : [ {
        "id" : 10,
        "keyword" : "recommended"
      }, {
        "id" : 50,
        "keyword" : "purpose:antiadblock"
      }, {
        "id" : 41,
        "keyword" : "lang:pl"
      } ],
      "lastTimeDownloaded" : 1626195725000,
      "enabled" : false,
      "trusted" : true
    },
    "relativePathToFilteringRules" : null
  }, {
    "meta" : {
      "id" : 251,
      "displayOrder" : 2,
      "name" : "Legitimate URL Shortener",
      "description" : "Automatically removes unnecessary '$' and '&' values from URLs, making them easier to copy from the URL bar and pasting elsewhere as links.",
      "version" : "2.0.0.14",
      "group" : "Privacy",
      "subscriptionUrl" : "https://raw.githubusercontent.com/DandelionSprout/adfilt/master/LegitimateURLShortener.txt",
      "homepage" : "https://github.com/DandelionSprout/adfilt",
      "tags" : [ {
        "id" : 2,
        "keyword" : "purpose:privacy"
      } ],
      "lastTimeDownloaded" : 1628110916000,
      "enabled" : false,
      "trusted" : true
    },
    "relativePathToFilteringRules" : null
  }, {
    "meta" : {
      "id" : 239,
      "displayOrder" : 5,
      "name" : "Fanboy's Anti-thirdparty Fonts",
      "description" : "A filter that blocks third-party fonts. It may break the look and design of some websites.",
      "version" : "2.0.2.30",
      "group" : "Other",
      "subscriptionUrl" : "https://fanboy.co.nz/fanboy-antifonts.txt",
      "homepage" : "https://www.fanboy.co.nz/",
      "tags" : [ {
        "id" : 2,
        "keyword" : "purpose:privacy"
      }, {
        "id" : 45,
        "keyword" : "problematic"
      } ],
      "lastTimeDownloaded" : 1616591177000,
      "enabled" : false,
      "trusted" : true
    },
    "relativePathToFilteringRules" : null
  }, {
    "meta" : {
      "id" : 234,
      "displayOrder" : 2,
      "name" : "ROLIST2",
      "description" : "This is a complementary list for ROList with annoyances that are not necessarily banners. It is a very aggressive list and not recommended for beginners.",
      "version" : "2.0.0.55",
      "group" : "Language",
      "subscriptionUrl" : "https://www.zoso.ro/pages/rolist2.txt",
      "homepage" : "https://zoso.ro/rolist/",
      "tags" : [ {
        "id" : 45,
        "keyword" : "problematic"
      }, {
        "id" : 5,
        "keyword" : "purpose:annoyances"
      }, {
        "id" : 39,
        "keyword" : "lang:ro"
      } ],
      "lastTimeDownloaded" : 1616003631000,
      "enabled" : false,
      "trusted" : true
    },
    "relativePathToFilteringRules" : null
  }, {
    "meta" : {
      "id" : 13,
      "displayOrder" : 1,
      "name" : "AdGuard Turkish filter",
      "description" : "Filter list that specifically removes ads on websites in Turkish language.",
      "version" : "2.0.28.29",
      "group" : "Language",
      "subscriptionUrl" : "https://filters.adtidy.org/android/filters/13_optimized.txt",
      "homepage" : "https://adguard.com/kb/general/ad-filtering/adguard-filters/",
      "tags" : [ {
        "id" : 1,
        "keyword" : "purpose:ads"
      }, {
        "id" : 10,
        "keyword" : "recommended"
      }, {
        "id" : 24,
        "keyword" : "lang:tr"
      } ],
      "lastTimeDownloaded" : 1628159426000,
      "enabled" : false,
      "trusted" : true
    },
    "relativePathToFilteringRules" : null
  }, {
    "meta" : {
      "id" : 110,
      "displayOrder" : 2,
      "name" : "EasyList Lithuania",
      "description" : "Additional filter list for websites in Lithuanian.",
      "version" : "2.0.1.50",
      "group" : "Language",
      "subscriptionUrl" : "https://raw.githubusercontent.com/EasyList-Lithuania/easylist_lithuania/master/easylistlithuania.txt",
      "homepage" : "https://github.com/EasyList-Lithuania/easylist_lithuania",
      "tags" : [ {
        "id" : 1,
        "keyword" : "purpose:ads"
      }, {
        "id" : 10,
        "keyword" : "recommended"
      }, {
        "id" : 37,
        "keyword" : "lang:lt"
      } ],
      "lastTimeDownloaded" : 1628096434000,
      "enabled" : false,
      "trusted" : true
    },
    "relativePathToFilteringRules" : null
  }, {
    "meta" : {
      "id" : 17,
      "displayOrder" : 1,
      "name" : "AdGuard URL Tracking filter",
      "description" : "Filter that enhances privacy by removing tracking parameters from URLs.",
      "version" : "2.0.8.4",
      "group" : "Privacy",
      "subscriptionUrl" : "https://filters.adtidy.org/android/filters/17_optimized.txt",
      "homepage" : "https://adguard.com/kb/general/ad-filtering/adguard-filters/",
      "tags" : [ {
        "id" : 2,
        "keyword" : "purpose:privacy"
      } ],
      "lastTimeDownloaded" : 1708356763000,
      "enabled" : false,
      "trusted" : true
    },
    "relativePathToFilteringRules" : null
  }, {
    "meta" : {
      "id" : 3,
      "displayOrder" : 1,
      "name" : "AdGuard Tracking Protection filter",
      "description" : "The most comprehensive list of various online counters and web analytics tools. Use this filter if you do not want your actions on the Internet to be tracked.",
      "version" : "2.0.70.12",
      "group" : "Privacy",
      "subscriptionUrl" : "https://filters.adtidy.org/android/filters/3_optimized.txt",
      "homepage" : "https://adguard.com/kb/general/ad-filtering/adguard-filters/",
      "tags" : [ {
        "id" : 2,
        "keyword" : "purpose:privacy"
      }, {
        "id" : 10,
        "keyword" : "recommended"
      } ],
      "lastTimeDownloaded" : 1716334284000,
      "enabled" : true,
      "trusted" : true
    },
    "relativePathToFilteringRules" : "/filters/filter_3.txt"
  }, {
    "meta" : {
      "id" : 11,
      "displayOrder" : 2,
      "name" : "AdGuard Mobile Ads filter",
      "description" : "Filter for all known mobile ad networks. Useful for mobile devices.",
      "version" : "2.0.51.71",
      "group" : "Ads",
      "subscriptionUrl" : "https://filters.adtidy.org/android/filters/11_optimized.txt",
      "homepage" : "https://adguard.com/kb/general/ad-filtering/adguard-filters/",
      "tags" : [ {
        "id" : 1,
        "keyword" : "purpose:ads"
      }, {
        "id" : 2,
        "keyword" : "purpose:privacy"
      }, {
        "id" : 10,
        "keyword" : "recommended"
      }, {
        "id" : 19,
        "keyword" : "platform:mobile"
      } ],
      "lastTimeDownloaded" : 1716330702000,
      "enabled" : true,
      "trusted" : true
    },
    "relativePathToFilteringRules" : "/filters/filter_11.txt"
  }, {
    "meta" : {
      "id" : 23,
      "displayOrder" : 1,
      "name" : "AdGuard Ukrainian filter",
      "description" : "Filter that enables ad blocking on websites in Ukrainian language.",
      "version" : "2.0.0.5",
      "group" : "Language",
      "subscriptionUrl" : "https://filters.adtidy.org/android/filters/23_optimized.txt",
      "homepage" : "https://adguard.com/kb/general/ad-filtering/adguard-filters/",
      "tags" : [ {
        "id" : 1,
        "keyword" : "purpose:ads"
      }, {
        "id" : 68,
        "keyword" : "lang:uk"
      }, {
        "id" : 10,
        "keyword" : "recommended"
      } ],
      "lastTimeDownloaded" : 1679308272000,
      "enabled" : false,
      "trusted" : true
    },
    "relativePathToFilteringRules" : null
  }, {
    "meta" : {
      "id" : 254,
      "displayOrder" : 2,
      "name" : "Macedonian adBlock Filters",
      "description" : "Blocks ads and trackers on various Macedonian websites.",
      "version" : "2.0.0.2",
      "group" : "Language",
      "subscriptionUrl" : "https://raw.githubusercontent.com/RandomAdversary/Macedonian-adBlock-Filters/master/Filters",
      "homepage" : "https://github.com/DeepSpaceHarbor/Macedonian-adBlock-Filters",
      "tags" : [ {
        "id" : 1,
        "keyword" : "purpose:ads"
      }, {
        "id" : 10,
        "keyword" : "recommended"
      }, {
        "id" : 71,
        "keyword" : "lang:mk"
      } ],
      "lastTimeDownloaded" : 1679706119000,
      "enabled" : false,
      "trusted" : true
    },
    "relativePathToFilteringRules" : null
  }, {
    "meta" : {
      "id" : 124,
      "displayOrder" : 2,
      "name" : "EasyList Portuguese",
      "description" : "Additional filter list for websites in Spanish and Portuguese.",
      "version" : "2.0.0.0",
      "group" : "Language",
      "subscriptionUrl" : "https://easylist-downloads.adblockplus.org/easylistportuguese.txt",
      "homepage" : "https://github.com/easylist/easylistportuguese",
      "tags" : [ {
        "id" : 1,
        "keyword" : "purpose:ads"
      }, {
        "id" : 17,
        "keyword" : "lang:es"
      }, {
        "id" : 18,
        "keyword" : "lang:pt"
      } ],
      "lastTimeDownloaded" : 1683711898000,
      "enabled" : false,
      "trusted" : true
    },
    "relativePathToFilteringRules" : null
  }, {
    "meta" : {
      "id" : 256,
      "displayOrder" : 1,
      "name" : "Scam Blocklist by DurableNapkin",
      "description" : "List for blocking untrustworthy websites.",
      "version" : "2.0.0.1",
      "group" : "Security",
      "subscriptionUrl" : "https://raw.githubusercontent.com/durablenapkin/scamblocklist/master/adguard.txt",
      "homepage" : "https://github.com/durablenapkin/scamblocklist",
      "tags" : [ {
        "id" : 4,
        "keyword" : "purpose:security"
      } ],
      "lastTimeDownloaded" : 1712329975000,
      "enabled" : false,
      "trusted" : true
    },
    "relativePathToFilteringRules" : null
  }, {
    "meta" : {
      "id" : 257,
      "displayOrder" : 1,
      "name" : "uBlock Origin – Badware risks",
      "description" : "Filter for risky sites, warning users of potential threats.",
      "version" : "2.0.0.1",
      "group" : "Security",
      "subscriptionUrl" : "https://raw.githubusercontent.com/uBlockOrigin/uAssets/master/filters/badware.txt",
      "homepage" : "https://github.com/uBlockOrigin/uAssets/",
      "tags" : [ {
        "id" : 4,
        "keyword" : "purpose:security"
      } ],
      "lastTimeDownloaded" : 1712329975000,
      "enabled" : false,
      "trusted" : true
    },
    "relativePathToFilteringRules" : null
  }, {
    "meta" : {
      "id" : 255,
      "displayOrder" : 1,
      "name" : "Phishing URL Blocklist",
      "description" : "Phishing URL blocklist for uBlock Origin (uBO), AdGuard, Vivaldi, Pi-hole, Hosts file, Dnsmasq, BIND, Unbound, Snort and Suricata.",
      "version" : "2.0.0.1",
      "group" : "Security",
      "subscriptionUrl" : "https://malware-filter.gitlab.io/malware-filter/phishing-filter-ag.txt",
      "homepage" : "https://gitlab.com/malware-filter/phishing-filter",
      "tags" : [ {
        "id" : 4,
        "keyword" : "purpose:security"
      } ],
      "lastTimeDownloaded" : 1712329974000,
      "enabled" : false,
      "trusted" : true
    },
    "relativePathToFilteringRules" : null
  }, {
    "meta" : {
      "id" : 10000,
      "displayOrder" : 0,
      "name" : "Source1",
      "description" : "",
      "version" : "240518.2",
      "group" : "Custom",
      "subscriptionUrl" : "https://raw.githubusercontent.com/Apious/whoru/main/Source1.txt",
      "homepage" : "https://github.com/Apious/whoru",
      "tags" : [ ],
      "lastTimeDownloaded" : 1716060704552,
      "enabled" : true,
      "trusted" : true
    },
    "relativePathToFilteringRules" : "/filters/filter_10000.txt"
  } ],
  "DnsEnableServfailOnUpstreamsFailure" : true,
  "AnnoyancesAndSocialFilters" : [ {
    "meta" : {
      "id" : 14,
      "displayOrder" : 1,
      "name" : "AdGuard Annoyances filter",
      "description" : "Blocks irritating elements on web pages including cookie notices, third-party widgets and in-page pop-ups. Contains the following AdGuard filters: Cookie Notices, Popups, Mobile App Banners, Other Annoyances and Widgets.",
      "version" : "2.1.96.94",
      "group" : "Annoyances",
      "subscriptionUrl" : "https://filters.adtidy.org/android/filters/14_optimized.txt",
      "homepage" : "https://adguard.com/kb/general/ad-filtering/adguard-filters/",
      "tags" : [ {
        "id" : 5,
        "keyword" : "purpose:annoyances"
      } ],
      "lastTimeDownloaded" : 1716330712000,
      "enabled" : true,
      "trusted" : true
    },
    "relativePathToFilteringRules" : "/filters/filter_14.txt"
  }, {
    "meta" : {
      "id" : 207,
      "displayOrder" : 3,
      "name" : "Adblock Warning Removal List",
      "description" : "Removes anti-adblock warnings and other obtrusive messages.",
      "version" : "2.1.49.24",
      "group" : "Annoyances",
      "subscriptionUrl" : "https://easylist-downloads.adblockplus.org/antiadblockfilters.txt",
      "homepage" : "https://github.com/easylist/antiadblockfilters/",
      "tags" : [ {
        "id" : 50,
        "keyword" : "purpose:antiadblock"
      } ],
      "lastTimeDownloaded" : 1716339710000,
      "enabled" : true,
      "trusted" : true
    },
    "relativePathToFilteringRules" : "/filters/filter_207.txt"
  }, {
    "meta" : {
      "id" : 250,
      "displayOrder" : 100,
      "name" : "Dandelion Sprout's Annoyances List",
      "description" : "This list is made in the style of AdGuard's and Fanboy's annoyances lists. It combines many of Dandelion Sprout's proudest and most frequently maintained international lists, as a curated compilation for simplicity's sake.",
      "version" : "2.0.0.32",
      "group" : "Annoyances",
      "subscriptionUrl" : "https://raw.githubusercontent.com/DandelionSprout/adfilt/master/AnnoyancesList",
      "homepage" : "https://github.com/DandelionSprout/adfilt",
      "tags" : [ {
        "id" : 5,
        "keyword" : "purpose:annoyances"
      } ],
      "lastTimeDownloaded" : 1628110916000,
      "enabled" : false,
      "trusted" : true
    },
    "relativePathToFilteringRules" : "/filters/filter_250.txt"
  }, {
    "meta" : {
      "id" : 241,
      "displayOrder" : 100,
      "name" : "EasyList Cookie List",
      "description" : "Removes cookie and privacy warnings. Already included in Fanboy's Annoyances list.",
      "version" : "2.1.24.9",
      "group" : "Annoyances",
      "subscriptionUrl" : "https://www.fanboy.co.nz/fanboy-cookiemonster.txt",
      "homepage" : "https://github.com/easylist/easylist/",
      "tags" : [ {
        "id" : 6,
        "keyword" : "purpose:cookies"
      } ],
      "lastTimeDownloaded" : 1700096501000,
      "enabled" : false,
      "trusted" : true
    },
    "relativePathToFilteringRules" : "/filters/filter_241.txt"
  }, {
    "meta" : {
      "id" : 122,
      "displayOrder" : 100,
      "name" : "Fanboy's Annoyances",
      "description" : "Removes in-page pop-ups and other annoyances. Includes Fanboy's Social Blocking & EasyList Cookie Lists.",
      "version" : "2.1.16.6",
      "group" : "Annoyances",
      "subscriptionUrl" : "https://secure.fanboy.co.nz/fanboy-annoyance_ubo.txt",
      "homepage" : "https://github.com/easylist/easylist/",
      "tags" : [ {
        "id" : 5,
        "keyword" : "purpose:annoyances"
      } ],
      "lastTimeDownloaded" : 1700096452000,
      "enabled" : false,
      "trusted" : true
    },
    "relativePathToFilteringRules" : "/filters/filter_122.txt"
  }, {
    "meta" : {
      "id" : 21,
      "displayOrder" : 2,
      "name" : "AdGuard Other Annoyances filter",
      "description" : "Blocks irritating elements on web pages that do not fall under the popular categories of annoyances.",
      "version" : "2.0.22.62",
      "group" : "Annoyances",
      "subscriptionUrl" : "https://filters.adtidy.org/android/filters/21_optimized.txt",
      "homepage" : "https://adguard.com/kb/general/ad-filtering/adguard-filters/",
      "tags" : [ {
        "id" : 5,
        "keyword" : "purpose:annoyances"
      }, {
        "id" : 10,
        "keyword" : "recommended"
      } ],
      "lastTimeDownloaded" : 1716319947000,
      "enabled" : true,
      "trusted" : true
    },
    "relativePathToFilteringRules" : "/filters/filter_21.txt"
  }, {
    "meta" : {
      "id" : 18,
      "displayOrder" : 2,
      "name" : "AdGuard Cookie Notices filter",
      "description" : "Blocks cookie notices on web pages.",
      "version" : "2.0.4.67",
      "group" : "Annoyances",
      "subscriptionUrl" : "https://filters.adtidy.org/android/filters/18_optimized.txt",
      "homepage" : "https://adguard.com/kb/general/ad-filtering/adguard-filters/",
      "tags" : [ {
        "id" : 5,
        "keyword" : "purpose:annoyances"
      }, {
        "id" : 10,
        "keyword" : "recommended"
      } ],
      "lastTimeDownloaded" : 1670535051000,
      "enabled" : false,
      "trusted" : true
    },
    "relativePathToFilteringRules" : "/filters/filter_18.txt"
  }, {
    "meta" : {
      "id" : 19,
      "displayOrder" : 2,
      "name" : "AdGuard Popups filter",
      "description" : "Blocks all kinds of pop-ups that are not necessary for websites' operation according to our Filter policy.",
      "version" : "2.0.4.55",
      "group" : "Annoyances",
      "subscriptionUrl" : "https://filters.adtidy.org/android/filters/19_optimized.txt",
      "homepage" : "https://adguard.com/kb/general/ad-filtering/adguard-filters/",
      "tags" : [ {
        "id" : 5,
        "keyword" : "purpose:annoyances"
      }, {
        "id" : 10,
        "keyword" : "recommended"
      } ],
      "lastTimeDownloaded" : 1670542255000,
      "enabled" : false,
      "trusted" : true
    },
    "relativePathToFilteringRules" : "/filters/filter_19.txt"
  }, {
    "meta" : {
      "id" : 20,
      "displayOrder" : 2,
      "name" : "AdGuard Mobile App Banners filter",
      "description" : "Blocks irritating banners that promote mobile apps of websites.",
      "version" : "2.0.14.12",
      "group" : "Annoyances",
      "subscriptionUrl" : "https://filters.adtidy.org/android/filters/20_optimized.txt",
      "homepage" : "https://adguard.com/kb/general/ad-filtering/adguard-filters/",
      "tags" : [ {
        "id" : 5,
        "keyword" : "purpose:annoyances"
      }, {
        "id" : 10,
        "keyword" : "recommended"
      } ],
      "lastTimeDownloaded" : 1716316344000,
      "enabled" : true,
      "trusted" : true
    },
    "relativePathToFilteringRules" : "/filters/filter_20.txt"
  }, {
    "meta" : {
      "id" : 22,
      "displayOrder" : 2,
      "name" : "AdGuard Widgets filter",
      "description" : "Blocks annoying third-party widgets: online assistants, live support chats, etc.",
      "version" : "2.0.1.39",
      "group" : "Annoyances",
      "subscriptionUrl" : "https://filters.adtidy.org/android/filters/22_optimized.txt",
      "homepage" : "https://adguard.com/kb/general/ad-filtering/adguard-filters/",
      "tags" : [ {
        "id" : 5,
        "keyword" : "purpose:annoyances"
      }, {
        "id" : 10,
        "keyword" : "recommended"
      } ],
      "lastTimeDownloaded" : 1670545872000,
      "enabled" : false,
      "trusted" : true
    },
    "relativePathToFilteringRules" : "/filters/filter_22.txt"
  }, {
    "meta" : {
      "id" : 123,
      "displayOrder" : 2,
      "name" : "Fanboy's Social Blocking List",
      "description" : "Hides and blocks social content, social widgets, social scripts and social icons. Already included in Fanboy's Annoyances list.",
      "version" : "2.0.75.63",
      "group" : "Social",
      "subscriptionUrl" : "https://easylist-downloads.adblockplus.org/fanboy-social.txt",
      "homepage" : "https://github.com/easylist/easylist/",
      "tags" : [ {
        "id" : 3,
        "keyword" : "purpose:social"
      } ],
      "lastTimeDownloaded" : 1628168457000,
      "enabled" : false,
      "trusted" : true
    },
    "relativePathToFilteringRules" : "/filters/filter_123.txt"
  }, {
    "meta" : {
      "id" : 4,
      "displayOrder" : 1,
      "name" : "AdGuard Social Media filter",
      "description" : "Filter for social media widgets such as 'Like' and 'Share' buttons and more.",
      "version" : "2.0.89.46",
      "group" : "Social",
      "subscriptionUrl" : "https://filters.adtidy.org/android/filters/4_optimized.txt",
      "homepage" : "https://adguard.com/kb/general/ad-filtering/adguard-filters/",
      "tags" : [ {
        "id" : 3,
        "keyword" : "purpose:social"
      }, {
        "id" : 10,
        "keyword" : "recommended"
      } ],
      "lastTimeDownloaded" : 1691677919000,
      "enabled" : false,
      "trusted" : true
    },
    "relativePathToFilteringRules" : "/filters/filter_4.txt"
  } ],
  "AdBlockingPermissionsList" : {
    "com.alibaba.aliexpresshd" : false,
    "pi.browser" : false,
    "com.pubg.newstate" : false,
    "com.eco.global.app" : false,
    "com.google.android.apps.adm" : false,
    "org.torproject.android" : null,
    "idm.internet.download.manager.plus" : false,
    "com.dv.adm" : false,
    "com.x.webshuttle" : null,
    "com.microsoft.bing" : true,
    "com.niven.translator" : false,
    "skynet.cputhrottlingtest" : true,
    "kr.co.seoft.wave.cheap" : true,
    "dk.tacit.android.foldersync.full" : false,
    "com.google.android.networkstack.tethering" : false,
    "com.google.android.networkstack" : false,
    "app.revanced.manager.flutter" : false,
    "com.netvor.hiddensettings" : true,
    "com.fusionmedia.investing" : null,
    "com.modelmakertools.simplemindpro" : null,
    "com.touchtype.swiftkey" : false,
    "com.weawow" : false,
    "com.byril.stickmanarcher" : null,
    "com.carriez.flutter_hbb" : false,
    "com.miui.backup" : true,
    "com.android.thememanager" : true,
    "com.paget96.netspeedindicator" : false,
    "app.rvx.manager.flutter" : false,
    "com.xiaomi.finddevice" : true,
    "com.handcent.app.nextsms" : true,
    "com.photoscan.enhancer.remini.photomyne.colorize.scanner" : false,
    "com.infraware.office.link" : true,
    "com.android.providers.downloads" : false,
    "com.android.providers.downloads.ui" : false,
    "com.android.providers.calendar" : false,
    "com.miui.cloudbackup" : true,
    "pro.capture.screenshot" : null,
    "com.android.statementservice" : false,
    "com.estmob.android.sendanywhere" : false,
    "com.shuttlevpn.free.proxy.gaming" : false,
    "com.android.camera" : true,
    "com.blackshark.push" : true,
    "ginlemon.flowerfree" : true,
    "com.blackshark.gamelauncher" : true,
    "snapedit.app.remove" : false,
    "com.piggylab.holdon" : true,
    "com.snowcorp.soda.android" : true,
    "com.mycompany.app.soulbrows3r" : null,
    "org.zwanoo.android.speedtest" : true,
    "com.android.managedprovisioning" : false,
    "com.spotify.music" : false,
    "com.oe.photocollage" : false,
    "com.miui.gallery" : null,
    "com.android.proxyhandler" : false,
    "com.dubox.drive" : true,
    "teavideo.tvplayer.videoallformat" : false,
    "eu.toneiv.ubktouch" : true,
    "com.miui.home" : true,
    "com.blackshark.bsperipheral" : true,
    "com.miui.analytics" : true,
    "com.allsaversocial.gl" : false,
    "leedroiddevelopments.volumepanel" : true,
    "com.android.certinstaller" : false,
    "com.android.pacprocessor" : false,
    "com.fido.xiaomi.uafclient" : false,
    "com.miui.micloudsync" : true,
    "com.miui.cloudservice" : true,
    "com.android.deskclock" : false,
    "com.google.android.captiveportallogin" : false,
    "com.miui.guardprovider" : false,
    "com.xiaomi.simactivate.service" : false,
    "kr.co.thecall" : false,
    "com.mi.android.globalFileexplorer" : true,
    "com.dho.mobilefax" : false,
    "cheehoon.ha.particulateforecaster" : true,
    "kr.min.bible" : true,
    "com.blackshark.discovery" : false,
    "com.xiaomi.xmsf" : false,
    "com.ksxkq.autoclick" : null,
    "com.xiaomi.account" : true,
    "com.xiaomi.payment" : true,
    "com.android.htmlviewer" : true,
    "com.kbstar.kbbank" : false,
    "com.blackshark.analytics" : true,
    "com.qcymall.googleearphonesetup" : false,
    "com.hong.v3" : false,
    "com.android.carrierdefaultapp" : false,
    "com.tuya.smartlife" : false,
    "com.miui.securityadd" : true,
    "com.blackshark.bslightapp" : true,
    "com.qualcomm.qti.cne" : false,
    "com.authy.authy" : null,
    "com.nhn.android.search" : true,
    "com.biller.scg" : true,
    "com.google.android.ims" : false,
    "com.google.android.configupdater" : false,
    "kr.co.rememberapp" : null,
    "com.google.android.apps.work.oobconfig" : false,
    "kr.go.wetax.android" : true,
    "com.shinhan.sbanking" : false,
    "com.google.android.gms" : false,
    "com.google.android.gsf" : false,
    "com.android.vending" : false,
    "com.mycompany.app.soulbrowser" : true,
    "aptip.app" : true,
    "kr.go.hf.hfappandroid" : false,
    "com.android.settings.intelligence" : false,
    "com.wooribank.smart.npib" : true,
    "com.google.android.partnersetup" : true,
    "com.google.android.googlequicksearchbox" : true,
    "com.kakao.taxi" : true,
    "kr.go.minwon.m" : false,
    "net.daum.android.map" : true,
    "com.google.android.tts" : false,
    "com.kakao.talk" : true,
    "com.coupang.mobile" : true,
    "com.google.android.webview" : false,
    "kr.christiandate.app" : false,
    "viva.republica.toss" : true,
    "com.skt.tmap.ku" : true,
    "com.hyundaicard.appcard" : false,
    "com.google.android.marvin.talkback" : false,
    "com.google.android.syncadapters.contacts" : false,
    "com.google.android.apps.translate" : false,
    "com.dubox.driv3" : null,
    "com.fooview.android.fooview" : true,
    "com.qualcomm.location" : false,
    "com.google.android.setupwizard" : false,
    "com.google.android.feedback" : false,
    "com.qti.ltebc" : false,
    "com.mi.AutoTest" : false,
    "com.blackshark.screenlight" : false,
    "com.miui.cit" : false,
    "com.blackshark.bssound" : false,
    "com.android.dynsystem" : false,
    "com.blackshark.exlight" : false,
    "com.blackshark.factorytest" : false,
    "com.xiaomi.location.fused" : false,
    "com.blackshark.gamewindowservice" : false,
    "com.blackshark.gamedock" : false,
    "com.blackshark.HydraAlpha" : false,
    "com.zeusis.HydraService" : false,
    "com.xiaomi.joyose" : false,
    "com.xiaomi.mtb" : false,
    "com.blackshark.macro" : false,
    "com.blackshark.shoulderkey" : false,
    "com.xiaomi.mi_connect_service" : false,
    "com.miui.systemserver" : false,
    "com.miui.daemon" : false,
    "com.blackshark.mtsservice" : false,
    "com.blackshark.performancemaster" : false,
    "com.xiaomi.powerchecker" : false,
    "com.blackshark.msgtransfer" : false,
    "com.smartpolicy.core" : false,
    "com.miui.wmsvc" : false,
    "com.blackshark.register" : false,
    "com.blackshark.gameevaluate" : false,
    "com.blackshark.barrage" : false,
    "com.bsp.catchlog" : false,
    "com.blackshark.keymapcenter" : false,
    "com.miui.powerkeeper" : false,
    "com.miui.securitycenter" : false,
    "com.miui.securitycore" : false,
    "com.xiaomi.misettings" : false,
    "com.android.settings" : false,
    "com.miui.screenshot" : false,
    "com.android.systemui" : false,
    "com.blackshark.ota" : false,
    "com.miui.notification" : false,
    "com.android.provision" : false,
    "com.blackshark.gamesupport" : false,
    "com.miui.touchassistant" : false,
    "com.miui.vsimcore" : false,
    "com.modemdebug" : false,
    "com.qti.dpmserviceapp" : false,
    "com.qualcomm.qti.lpa" : false,
    "com.android.phone" : false,
    "com.qualcomm.embms" : false,
    "com.sparkine.muvizedge" : null,
    "com.xiaomi.bluetooth" : false,
    "com.android.bluetooth" : false,
    "com.android.hotspot2.osulogin" : false,
    "com.google.android.ext.services" : false,
    "com.blockchainvault" : false
  },
  "RequestTimeout" : 5000,
  "DetectSearchDomains" : false,
  "BlockedResponseTtlSecs" : 3600,
  "HostsRulesBlockingMode" : "NXDOMAIN",
  "BootstrapUpstreams" : [ ],
  "DnsBlockEch" : false,
  "DnsBootstrapUpstreamsType" : "Automatic",
  "CustomBlockingIpv6" : "",
  "CustomBlockingIpv4" : "",
  "SelectedSortedByOnAllSubdomainsStatisticsScreen" : "MostBlocked",
  "CustomServers" : [ {
    "id" : 1000,
    "providerId" : 1000000,
    "name" : "1.1.1.1",
    "type" : "dns",
    "upstreams" : [ "1.1.1.1" ],
    "parallelResolve" : true
  }, {
    "id" : 1001,
    "providerId" : 1000000,
    "name" : "Google",
    "type" : "dns",
    "upstreams" : [ "8.8.4.4" ],
    "parallelResolve" : true
  }, {
    "id" : 1002,
    "providerId" : 1000000,
    "name" : "1.0.0.1",
    "type" : "dns",
    "upstreams" : [ "1.0.0.1" ],
    "parallelResolve" : true
  } ],
  "FallbackDomains" : [ ],
  "DisabledUserRules" : [ ],
  "SelectedNetworkTypeForDataUsageOnStatisticsScreen" : "Any",
  "FallbackUpstreamsType" : "Automatic",
  "AllAllowListRules" : "play.google.com",
  "DnsFilteringEnabled" : true,
  "UserFiltersEnabled" : true,
  "SelectedStatisticsDatePeriod" : "Today",
  "SelectedNetworkTypeForDnsOnStatisticsScreen" : "Any",
  "HideSearchQuery" : true,
  "DnsEnableUpstreamsValidation" : true,
  "DnsModuleEnabled" : true,
  "TrafficFilteringPermissionsList" : {
    "com.alibaba.aliexpresshd" : false,
    "pi.browser" : true,
    "com.pubg.newstate" : true,
    "com.eco.global.app" : false,
    "com.google.android.apps.adm" : false,
    "org.torproject.android" : false,
    "idm.internet.download.manager.plus" : null,
    "com.dv.adm" : null,
    "com.x.webshuttle" : null,
    "com.microsoft.bing" : true,
    "com.niven.translator" : false,
    "skynet.cputhrottlingtest" : true,
    "kr.co.seoft.wave.cheap" : true,
    "dk.tacit.android.foldersync.full" : false,
    "com.google.android.networkstack.tethering" : true,
    "com.google.android.networkstack" : true,
    "app.revanced.manager.flutter" : null,
    "com.netvor.hiddensettings" : true,
    "com.fusionmedia.investing" : null,
    "com.modelmakertools.simplemindpro" : null,
    "com.touchtype.swiftkey" : null,
    "com.weawow" : false,
    "com.byril.stickmanarcher" : false,
    "com.carriez.flutter_hbb" : false,
    "com.miui.backup" : true,
    "com.android.thememanager" : true,
    "com.paget96.netspeedindicator" : false,
    "app.rvx.manager.flutter" : false,
    "com.xiaomi.finddevice" : true,
    "com.handcent.app.nextsms" : true,
    "com.photoscan.enhancer.remini.photomyne.colorize.scanner" : false,
    "com.infraware.office.link" : null,
    "com.android.providers.downloads" : true,
    "com.android.providers.downloads.ui" : true,
    "com.android.providers.calendar" : false,
    "com.miui.cloudbackup" : true,
    "pro.capture.screenshot" : null,
    "com.android.statementservice" : null,
    "com.estmob.android.sendanywhere" : true,
    "com.shuttlevpn.free.proxy.gaming" : false,
    "com.android.camera" : true,
    "com.blackshark.push" : true,
    "ginlemon.flowerfree" : true,
    "com.blackshark.gamelauncher" : true,
    "snapedit.app.remove" : false,
    "com.piggylab.holdon" : true,
    "com.snowcorp.soda.android" : true,
    "com.mycompany.app.soulbrows3r" : null,
    "org.zwanoo.android.speedtest" : null,
    "com.android.managedprovisioning" : false,
    "com.spotify.music" : true,
    "com.oe.photocollage" : false,
    "com.miui.gallery" : null,
    "com.android.proxyhandler" : null,
    "com.dubox.drive" : true,
    "teavideo.tvplayer.videoallformat" : false,
    "eu.toneiv.ubktouch" : true,
    "com.miui.home" : true,
    "com.blackshark.bsperipheral" : true,
    "com.miui.analytics" : true,
    "com.allsaversocial.gl" : false,
    "leedroiddevelopments.volumepanel" : true,
    "com.android.certinstaller" : null,
    "com.android.pacprocessor" : true,
    "com.fido.xiaomi.uafclient" : null,
    "com.miui.micloudsync" : true,
    "com.miui.cloudservice" : true,
    "com.android.deskclock" : true,
    "com.google.android.captiveportallogin" : false,
    "com.miui.guardprovider" : true,
    "com.xiaomi.simactivate.service" : false,
    "kr.co.thecall" : null,
    "com.mi.android.globalFileexplorer" : true,
    "com.dho.mobilefax" : false,
    "cheehoon.ha.particulateforecaster" : true,
    "kr.min.bible" : true,
    "com.blackshark.discovery" : false,
    "com.xiaomi.xmsf" : false,
    "com.ksxkq.autoclick" : null,
    "com.xiaomi.account" : true,
    "com.xiaomi.payment" : true,
    "com.android.htmlviewer" : true,
    "com.kbstar.kbbank" : null,
    "com.blackshark.analytics" : true,
    "com.qcymall.googleearphonesetup" : null,
    "com.hong.v3" : false,
    "com.android.carrierdefaultapp" : false,
    "com.tuya.smartlife" : false,
    "com.miui.securityadd" : true,
    "com.blackshark.bslightapp" : true,
    "com.qualcomm.qti.cne" : false,
    "com.authy.authy" : null,
    "com.nhn.android.search" : true,
    "com.biller.scg" : true,
    "com.google.android.ims" : false,
    "com.google.android.configupdater" : null,
    "kr.co.rememberapp" : null,
    "com.google.android.apps.work.oobconfig" : false,
    "kr.go.wetax.android" : true,
    "com.shinhan.sbanking" : false,
    "com.google.android.gms" : true,
    "com.google.android.gsf" : true,
    "com.android.vending" : false,
    "com.mycompany.app.soulbrowser" : true,
    "aptip.app" : true,
    "kr.go.hf.hfappandroid" : false,
    "com.android.settings.intelligence" : true,
    "com.wooribank.smart.npib" : true,
    "com.google.android.partnersetup" : true,
    "com.google.android.googlequicksearchbox" : true,
    "com.kakao.taxi" : true,
    "kr.go.minwon.m" : true,
    "net.daum.android.map" : true,
    "com.google.android.tts" : false,
    "com.kakao.talk" : true,
    "com.coupang.mobile" : true,
    "com.google.android.webview" : false,
    "kr.christiandate.app" : true,
    "viva.republica.toss" : true,
    "com.skt.tmap.ku" : true,
    "com.hyundaicard.appcard" : false,
    "com.google.android.marvin.talkback" : false,
    "com.google.android.syncadapters.contacts" : false,
    "com.google.android.apps.translate" : false,
    "com.dubox.driv3" : null,
    "com.fooview.android.fooview" : true,
    "com.qualcomm.location" : true,
    "com.google.android.setupwizard" : true,
    "com.google.android.feedback" : true,
    "com.qti.ltebc" : false,
    "com.mi.AutoTest" : true,
    "com.blackshark.screenlight" : true,
    "com.miui.cit" : true,
    "com.blackshark.bssound" : true,
    "com.android.dynsystem" : true,
    "com.blackshark.exlight" : true,
    "com.blackshark.factorytest" : true,
    "com.xiaomi.location.fused" : true,
    "com.blackshark.gamewindowservice" : true,
    "com.blackshark.gamedock" : true,
    "com.blackshark.HydraAlpha" : true,
    "com.zeusis.HydraService" : true,
    "com.xiaomi.joyose" : true,
    "com.xiaomi.mtb" : true,
    "com.blackshark.macro" : true,
    "com.blackshark.shoulderkey" : true,
    "com.xiaomi.mi_connect_service" : true,
    "com.miui.systemserver" : true,
    "com.miui.daemon" : true,
    "com.blackshark.mtsservice" : true,
    "com.blackshark.performancemaster" : true,
    "com.xiaomi.powerchecker" : true,
    "com.blackshark.msgtransfer" : true,
    "com.smartpolicy.core" : true,
    "com.miui.wmsvc" : true,
    "com.blackshark.register" : true,
    "com.blackshark.gameevaluate" : true,
    "com.blackshark.barrage" : true,
    "com.bsp.catchlog" : true,
    "com.blackshark.keymapcenter" : true,
    "com.miui.powerkeeper" : true,
    "com.miui.securitycenter" : true,
    "com.miui.securitycore" : true,
    "com.xiaomi.misettings" : true,
    "com.android.settings" : true,
    "com.miui.screenshot" : true,
    "com.android.systemui" : true,
    "com.blackshark.ota" : true,
    "com.miui.notification" : true,
    "com.android.provision" : true,
    "com.blackshark.gamesupport" : true,
    "com.miui.touchassistant" : true,
    "com.miui.vsimcore" : true,
    "com.modemdebug" : true,
    "com.qti.dpmserviceapp" : true,
    "com.qualcomm.qti.lpa" : true,
    "com.android.phone" : true,
    "com.qualcomm.embms" : false,
    "com.sparkine.muvizedge" : null,
    "com.xiaomi.bluetooth" : true,
    "com.android.bluetooth" : true,
    "com.android.hotspot2.osulogin" : true,
    "com.google.android.ext.services" : false,
    "com.blockchainvault" : null
  },
  "DnsUserFiltersEnabled" : true,
  "SelectedStatisticsSortedByForApplications" : "MostBlocked",
  "AdBlockRulesBlockingMode" : "NXDOMAIN",
  "IntegrationDialogWasShown" : false,
  "AllUserRules" : [ "||graph.instagram.com^$app=com.instagram.android" ],
  "DnsFilters" : [ {
    "meta" : {
      "id" : 100000,
      "displayOrder" : 0,
      "name" : "AdGuard DNS Filter",
      "description" : "Filter composed of several other filters (AdGuard Base filter, Social media filter, Tracking Protection filter, Mobile ads filter, EasyList, EasyPrivacy, etc) and simplified specifically to be better compatible with DNS-level ad blocking.",
      "version" : "",
      "group" : "Custom",
      "subscriptionUrl" : "https://adguardteam.github.io/AdGuardSDNSFilter/Filters/filter.txt",
      "homepage" : "https://github.com/AdguardTeam/AdguardSDNSFilter",
      "tags" : [ ],
      "lastTimeDownloaded" : 1716343866071,
      "enabled" : true,
      "rulesCount" : 69115
    },
    "relativePathToFilteringRules" : "/dns_filters/filter_100000.txt"
  }, {
    "meta" : {
      "id" : 10000,
      "displayOrder" : 0,
      "name" : "Source2",
      "description" : "",
      "version" : "240516.1",
      "group" : null,
      "subscriptionUrl" : "https://raw.githubusercontent.com/Apious/whoru/main/Source2.txt",
      "homepage" : "https://github.com/Apious/whoru",
      "tags" : [ ],
      "lastTimeDownloaded" : 1715920128405,
      "enabled" : true,
      "rulesCount" : 295
    },
    "relativePathToFilteringRules" : "/dns_filters/filter_10000.txt"
  } ],
  "ForeverDismissedHttpsFilteringSnackbar" : false,
  "SelectedNetworkTypeForRequestsOnStatisticsScreen" : "Any",
  "SelectedStatisticsSortedByForCompanies" : "MostBlocked",
  "OutboundProxyDnsUpstreams" : [ ],
  "DnsEnableFallbackForNonFallbackDomains" : true,
  "DnsTryHttp3ForDoH" : true,
  "AllowListEnabled" : true,
  "DnsCacheSize" : 1000
}